date,dateFa,download,upload,sum,fileLink
2021-03-21,1400-01-01,626.2,66.5,692.7,https://10.1.33.80/report-khorasan-razavi/daily_report_kh-razavi_2021-03-21.csv
2021-03-17,1399-12-27,720,76.9,796.9,https://10.1.33.80/report-khorasan-razavi/daily_report_kh-razavi_2021-03-17.csv
2021-03-10,1399-12-20,417.3,45.5,462.8,https://10.1.33.80/report-khorasan-razavi/daily_report_kh-razavi_2021-03-10.csv
2021-03-12,1399-12-22,410.9,41.9,452.8,https://10.1.33.80/report-khorasan-razavi/daily_report_kh-razavi_2021-03-12.csv
2021-03-20,1399-12-30,342.5,37.4,379.9,https://10.1.33.80/report-khorasan-razavi/daily_report_kh-razavi_2021-03-20.csv
2021-03-08,1399-12-18,409.7,46.5,456.2,https://10.1.33.80/report-khorasan-razavi/daily_report_kh-razavi_2021-03-08.csv
2021-03-13,1399-12-23,815,86.3,901.3,https://10.1.33.80/report-khorasan-razavi/daily_report_kh-razavi_2021-03-13.csv
2021-03-18,1399-12-28,371.2,38.2,409.4,https://10.1.33.80/report-khorasan-razavi/daily_report_kh-razavi_2021-03-18.csv
2021-03-15,1399-12-25,735.3,81,816.3,https://10.1.33.80/report-khorasan-razavi/daily_report_kh-razavi_2021-03-15.csv
2021-03-09,1399-12-19,766,87,853,https://10.1.33.80/report-khorasan-razavi/daily_report_kh-razavi_2021-03-09.csv
2021-03-16,1399-12-26,385.1,41.1,426.2,https://10.1.33.80/report-khorasan-razavi/daily_report_kh-razavi_2021-03-16.csv
2021-03-11,1399-12-21,732,77.7,809.7,https://10.1.33.80/report-khorasan-razavi/daily_report_kh-razavi_2021-03-11.csv
2021-03-29,1400-01-09,697,70,767,https://10.1.33.80/report-khorasan-razavi/daily_report_kh-razavi_2021-03-29.csv
2021-03-19,1399-12-29,667.2,68.4,735.6,https://10.1.33.80/report-khorasan-razavi/daily_report_kh-razavi_2021-03-19.csv
2021-03-30,1400-01-10,390.8,38.3,429.1,https://10.1.33.80/report-khorasan-razavi/daily_report_kh-razavi_2021-03-30.csv
2021-03-31,1400-01-11,696.5,68.5,765,https://10.1.33.80/report-khorasan-razavi/daily_report_kh-razavi_2021-03-31.csv
2021-03-23,1400-01-03,617.2,61.2,678.4,https://10.1.33.80/report-khorasan-razavi/daily_report_kh-razavi_2021-03-23.csv
2021-03-28,1400-01-08,392.2,39.7,431.9,https://10.1.33.80/report-khorasan-razavi/daily_report_kh-razavi_2021-03-28.csv
2021-03-25,1400-01-05,653.3,64.2,717.5,https://10.1.33.80/report-khorasan-razavi/daily_report_kh-razavi_2021-03-25.csv
2021-03-26,1400-01-06,354.4,34.7,389.1,https://10.1.33.80/report-khorasan-razavi/daily_report_kh-razavi_2021-03-26.csv
2021-03-24,1400-01-04,359.4,35.2,394.6,https://10.1.33.80/report-khorasan-razavi/daily_report_kh-razavi_2021-03-24.csv
2021-03-27,1400-01-07,665,66.3,731.3,https://10.1.33.80/report-khorasan-razavi/daily_report_kh-razavi_2021-03-27.csv
2021-03-22,1400-01-02,333.8,33.3,367.1,https://10.1.33.80/report-khorasan-razavi/daily_report_kh-razavi_2021-03-22.csv
2018_12_05,1397-09-14,12.9,1.5,14.4,https://10.1.33.80/report-khorasan-razavi/daily_report_khorasan_razavi_2018_12_05.csv
2018_12_08,1397-09-17,88.2,11.5,99.7,https://10.1.33.80/report-khorasan-razavi/daily_report_khorasan_razavi_2018_12_08.csv
2021-04-01,1400-01-12,345.9,34.3,380.2,https://10.1.33.80/report-khorasan-razavi/daily_report_kh-razavi_2021-04-01.csv
2021-04-03,1400-01-14,436.4,46.9,483.3,https://10.1.33.80/report-khorasan-razavi/daily_report_kh-razavi_2021-04-03.csv
2021-04-02,1400-01-13,574.6,57.9,632.5,https://10.1.33.80/report-khorasan-razavi/daily_report_kh-razavi_2021-04-02.csv
2018_12_12,1397-09-21,105.1,13.9,119,https://10.1.33.80/report-khorasan-razavi/daily_report_khorasan_razavi_2018_12_12.csv
2018_12_07,1397-09-16,95.6,11.3,106.9,https://10.1.33.80/report-khorasan-razavi/daily_report_khorasan_razavi_2018_12_07.csv
2018_12_06,1397-09-15,69,8.2,77.2,https://10.1.33.80/report-khorasan-razavi/daily_report_khorasan_razavi_2018_12_06.csv
2018_12_13,1397-09-22,110.6,14.2,124.8,https://10.1.33.80/report-khorasan-razavi/daily_report_khorasan_razavi_2018_12_13.csv
2018_12_09,1397-09-18,88.1,12.2,100.3,https://10.1.33.80/report-khorasan-razavi/daily_report_khorasan_razavi_2018_12_09.csv
2018_12_14,1397-09-23,108.2,12.5,120.7,https://10.1.33.80/report-khorasan-razavi/daily_report_khorasan_razavi_2018_12_14.csv
2018_12_10,1397-09-19,92.7,12.5,105.2,https://10.1.33.80/report-khorasan-razavi/daily_report_khorasan_razavi_2018_12_10.csv
2018_12_15,1397-09-24,117.5,14.4,131.9,https://10.1.33.80/report-khorasan-razavi/daily_report_khorasan_razavi_2018_12_15.csv
2018_12_16,1397-09-25,108.9,13.8,122.7,https://10.1.33.80/report-khorasan-razavi/daily_report_khorasan_razavi_2018_12_16.csv
2018_12_18,1397-09-27,85,9.8,94.8,https://10.1.33.80/report-khorasan-razavi/daily_report_khorasan_razavi_2018_12_18.csv
2018_12_11,1397-09-20,100,13.3,113.3,https://10.1.33.80/report-khorasan-razavi/daily_report_khorasan_razavi_2018_12_11.csv
2018_12_23,1397-10-02,117.2,14.1,131.3,https://10.1.33.80/report-khorasan-razavi/daily_report_khorasan_razavi_2018_12_23.csv
2018_12_17,1397-09-26,116.4,14,130.4,https://10.1.33.80/report-khorasan-razavi/daily_report_khorasan_razavi_2018_12_17.csv
2018_12_25,1397-10-04,89.9,10.4,100.3,https://10.1.33.80/report-khorasan-razavi/daily_report_khorasan_razavi_2018_12_25.csv
2018_12_26,1397-10-05,105.8,12.5,118.3,https://10.1.33.80/report-khorasan-razavi/daily_report_khorasan_razavi_2018_12_26.csv
2018_12_20,1397-09-29,93.5,10.1,103.6,https://10.1.33.80/report-khorasan-razavi/daily_report_khorasan_razavi_2018_12_20.csv
2018_12_22,1397-10-01,91.4,10.8,102.2,https://10.1.33.80/report-khorasan-razavi/daily_report_khorasan_razavi_2018_12_22.csv
2018_12_19,1397-09-28,85.6,9.5,95.1,https://10.1.33.80/report-khorasan-razavi/daily_report_khorasan_razavi_2018_12_19.csv
2018_12_21,1397-09-30,60.7,6.2,66.9,https://10.1.33.80/report-khorasan-razavi/daily_report_khorasan_razavi_2018_12_21.csv
2018_12_27,1397-10-06,103,11.7,114.7,https://10.1.33.80/report-khorasan-razavi/daily_report_khorasan_razavi_2018_12_27.csv
2018_12_30,1397-10-09,112,13.4,125.4,https://10.1.33.80/report-khorasan-razavi/daily_report_khorasan_razavi_2018_12_30.csv
2018_12_24,1397-10-03,58.6,6.8,65.4,https://10.1.33.80/report-khorasan-razavi/daily_report_khorasan_razavi_2018_12_24.csv
2019_01_02,1397-10-12,124.7,15.1,139.8,https://10.1.33.80/report-khorasan-razavi/daily_report_khorasan_razavi_2019_01_02.csv
2018_12_29,1397-10-08,149.3,18.4,167.7,https://10.1.33.80/report-khorasan-razavi/daily_report_khorasan_razavi_2018_12_29.csv
2019_01_04,1397-10-14,125.4,14.2,139.6,https://10.1.33.80/report-khorasan-razavi/daily_report_khorasan_razavi_2019_01_04.csv
2018_12_28,1397-10-07,108.5,12,120.5,https://10.1.33.80/report-khorasan-razavi/daily_report_khorasan_razavi_2018_12_28.csv
2019_01_05,1397-10-15,131,16,147,https://10.1.33.80/report-khorasan-razavi/daily_report_khorasan_razavi_2019_01_05.csv
2019_01_01,1397-10-11,117.7,14,131.7,https://10.1.33.80/report-khorasan-razavi/daily_report_khorasan_razavi_2019_01_01.csv
2019_01_06,1397-10-16,144.2,18,162.2,https://10.1.33.80/report-khorasan-razavi/daily_report_khorasan_razavi_2019_01_06.csv
2019_01_03,1397-10-13,121.9,14.2,136.1,https://10.1.33.80/report-khorasan-razavi/daily_report_khorasan_razavi_2019_01_03.csv
2018_12_31,1397-10-10,118.4,14.3,132.7,https://10.1.33.80/report-khorasan-razavi/daily_report_khorasan_razavi_2018_12_31.csv
2019_01_08,1397-10-18,150.6,18.8,169.4,https://10.1.33.80/report-khorasan-razavi/daily_report_khorasan_razavi_2019_01_08.csv
2019_01_07,1397-10-17,123.5,15.1,138.6,https://10.1.33.80/report-khorasan-razavi/daily_report_khorasan_razavi_2019_01_07.csv
2019_01_16,1397-10-26,113.7,14.1,127.8,https://10.1.33.80/report-khorasan-razavi/daily_report_khorasan_razavi_2019_01_16.csv
2019_01_11,1397-10-21,141.8,17,158.8,https://10.1.33.80/report-khorasan-razavi/daily_report_khorasan_razavi_2019_01_11.csv
2019_01_12,1397-10-22,92.9,11.8,104.7,https://10.1.33.80/report-khorasan-razavi/daily_report_khorasan_razavi_2019_01_12.csv
2019_01_18,1397-10-28,133.6,15.9,149.5,https://10.1.33.80/report-khorasan-razavi/daily_report_khorasan_razavi_2019_01_18.csv
2019_01_09,1397-10-19,182.1,23.3,205.4,https://10.1.33.80/report-khorasan-razavi/daily_report_khorasan_razavi_2019_01_09.csv
2019_01_19,1397-10-29,134.6,16.7,151.3,https://10.1.33.80/report-khorasan-razavi/daily_report_khorasan_razavi_2019_01_19.csv
2019_01_10,1397-10-20,203.5,25.4,228.9,https://10.1.33.80/report-khorasan-razavi/daily_report_khorasan_razavi_2019_01_10.csv
2019_01_17,1397-10-27,124.2,14.8,139,https://10.1.33.80/report-khorasan-razavi/daily_report_khorasan_razavi_2019_01_17.csv
2019_01_14,1397-10-24,129.2,16.6,145.8,https://10.1.33.80/report-khorasan-razavi/daily_report_khorasan_razavi_2019_01_14.csv
2019_01_13,1397-10-23,103.7,12.8,116.5,https://10.1.33.80/report-khorasan-razavi/daily_report_khorasan_razavi_2019_01_13.csv
2019_01_15,1397-10-25,113.8,14.1,127.9,https://10.1.33.80/report-khorasan-razavi/daily_report_khorasan_razavi_2019_01_15.csv
2019_01_27,1397-11-07,129.1,16.3,145.4,https://10.1.33.80/report-khorasan-razavi/daily_report_khorasan_razavi_2019_01_27.csv
2019_01_29,1397-11-09,138.5,16.4,154.9,https://10.1.33.80/report-khorasan-razavi/daily_report_khorasan_razavi_2019_01_29.csv
2019_01_21,1397-11-01,131.5,17.1,148.6,https://10.1.33.80/report-khorasan-razavi/daily_report_khorasan_razavi_2019_01_21.csv
2019_01_20,1397-10-30,124.9,15.8,140.7,https://10.1.33.80/report-khorasan-razavi/daily_report_khorasan_razavi_2019_01_20.csv
2019_01_26,1397-11-06,136.9,17.3,154.2,https://10.1.33.80/report-khorasan-razavi/daily_report_khorasan_razavi_2019_01_26.csv
2019_01_23,1397-11-03,147.2,18.7,165.9,https://10.1.33.80/report-khorasan-razavi/daily_report_khorasan_razavi_2019_01_23.csv
2019_01_25,1397-11-05,131.8,15.2,147,https://10.1.33.80/report-khorasan-razavi/daily_report_khorasan_razavi_2019_01_25.csv
2019_01_22,1397-11-02,126.5,16,142.5,https://10.1.33.80/report-khorasan-razavi/daily_report_khorasan_razavi_2019_01_22.csv
2019_01_24,1397-11-04,130.6,15.8,146.4,https://10.1.33.80/report-khorasan-razavi/daily_report_khorasan_razavi_2019_01_24.csv
2019_02_01,1397-11-12,138.5,16.1,154.6,https://10.1.33.80/report-khorasan-razavi/daily_report_khorasan_razavi_2019_02_01.csv
2019_02_06,1397-11-17,139.5,16.2,155.7,https://10.1.33.80/report-khorasan-razavi/daily_report_khorasan_razavi_2019_02_06.csv
2019_01_28,1397-11-08,144.1,17.5,161.6,https://10.1.33.80/report-khorasan-razavi/daily_report_khorasan_razavi_2019_01_28.csv
2019_02_03,1397-11-14,179,22.5,201.5,https://10.1.33.80/report-khorasan-razavi/daily_report_khorasan_razavi_2019_02_03.csv
2019_02_02,1397-11-13,141.8,17.5,159.3,https://10.1.33.80/report-khorasan-razavi/daily_report_khorasan_razavi_2019_02_02.csv
2019_02_04,1397-11-15,141,17.3,158.3,https://10.1.33.80/report-khorasan-razavi/daily_report_khorasan_razavi_2019_02_04.csv
2019_02_05,1397-11-16,151.3,18,169.3,https://10.1.33.80/report-khorasan-razavi/daily_report_khorasan_razavi_2019_02_05.csv
2019_01_30,1397-11-10,140.8,16.9,157.7,https://10.1.33.80/report-khorasan-razavi/daily_report_khorasan_razavi_2019_01_30.csv
2019_02_09,1397-11-20,137.9,15,152.9,https://10.1.33.80/report-khorasan-razavi/daily_report_khorasan_razavi_2019_02_09.csv
2019_02_07,1397-11-18,139.6,15.6,155.2,https://10.1.33.80/report-khorasan-razavi/daily_report_khorasan_razavi_2019_02_07.csv
2019_01_31,1397-11-11,137.7,15.8,153.5,https://10.1.33.80/report-khorasan-razavi/daily_report_khorasan_razavi_2019_01_31.csv
2019_02_11,1397-11-22,137.7,15.1,152.8,https://10.1.33.80/report-khorasan-razavi/daily_report_khorasan_razavi_2019_02_11.csv
2019_02_13,1397-11-24,154,17.7,171.7,https://10.1.33.80/report-khorasan-razavi/daily_report_khorasan_razavi_2019_02_13.csv
2019_02_12,1397-11-23,176,20.8,196.8,https://10.1.33.80/report-khorasan-razavi/daily_report_khorasan_razavi_2019_02_12.csv
2019_02_08,1397-11-19,131.4,14.3,145.7,https://10.1.33.80/report-khorasan-razavi/daily_report_khorasan_razavi_2019_02_08.csv
2019_02_10,1397-11-21,181,21.8,202.8,https://10.1.33.80/report-khorasan-razavi/daily_report_khorasan_razavi_2019_02_10.csv
2019_02_19,1397-11-30,143.4,17,160.4,https://10.1.33.80/report-khorasan-razavi/daily_report_khorasan_razavi_2019_02_19.csv
2019_02_14,1397-11-25,141.6,16,157.6,https://10.1.33.80/report-khorasan-razavi/daily_report_khorasan_razavi_2019_02_14.csv
2019_02_15,1397-11-26,145.4,16.1,161.5,https://10.1.33.80/report-khorasan-razavi/daily_report_khorasan_razavi_2019_02_15.csv
2019_02_26,1397-12-07,144.9,17.6,162.5,https://10.1.33.80/report-khorasan-razavi/daily_report_khorasan_razavi_2019_02_26.csv
2019_02_17,1397-11-28,142.4,17.4,159.8,https://10.1.33.80/report-khorasan-razavi/daily_report_khorasan_razavi_2019_02_17.csv
2019_02_16,1397-11-27,151.1,17.5,168.6,https://10.1.33.80/report-khorasan-razavi/daily_report_khorasan_razavi_2019_02_16.csv
2019_02_22,1397-12-03,139.6,15.1,154.7,https://10.1.33.80/report-khorasan-razavi/daily_report_khorasan_razavi_2019_02_22.csv
2019_02_20,1397-12-01,143.6,17,160.6,https://10.1.33.80/report-khorasan-razavi/daily_report_khorasan_razavi_2019_02_20.csv
2019_02_23,1397-12-04,139.7,16.6,156.3,https://10.1.33.80/report-khorasan-razavi/daily_report_khorasan_razavi_2019_02_23.csv
2019_02_18,1397-11-29,136.7,16.1,152.8,https://10.1.33.80/report-khorasan-razavi/daily_report_khorasan_razavi_2019_02_18.csv
2019_03_05,1397-12-14,143.8,17.1,160.9,https://10.1.33.80/report-khorasan-razavi/daily_report_khorasan_razavi_2019_03_05.csv
2019_02_21,1397-12-02,149.5,16.6,166.1,https://10.1.33.80/report-khorasan-razavi/daily_report_khorasan_razavi_2019_02_21.csv
2019_03_03,1397-12-12,132.4,15.7,148.1,https://10.1.33.80/report-khorasan-razavi/daily_report_khorasan_razavi_2019_03_03.csv
2019_02_25,1397-12-06,133.3,15.9,149.2,https://10.1.33.80/report-khorasan-razavi/daily_report_khorasan_razavi_2019_02_25.csv
2019_02_27,1397-12-08,141,15.9,156.9,https://10.1.33.80/report-khorasan-razavi/daily_report_khorasan_razavi_2019_02_27.csv
2019_02_24,1397-12-05,139,17.6,156.6,https://10.1.33.80/report-khorasan-razavi/daily_report_khorasan_razavi_2019_02_24.csv
2019_03_04,1397-12-13,141.3,17.3,158.6,https://10.1.33.80/report-khorasan-razavi/daily_report_khorasan_razavi_2019_03_04.csv
2019_03_02,1397-12-11,148.8,17.6,166.4,https://10.1.33.80/report-khorasan-razavi/daily_report_khorasan_razavi_2019_03_02.csv
2019_02_28,1397-12-09,141.3,15.7,157,https://10.1.33.80/report-khorasan-razavi/daily_report_khorasan_razavi_2019_02_28.csv
2019_03_01,1397-12-10,127.5,14.4,141.9,https://10.1.33.80/report-khorasan-razavi/daily_report_khorasan_razavi_2019_03_01.csv
2019_03_06,1397-12-15,148.9,16.9,165.8,https://10.1.33.80/report-khorasan-razavi/daily_report_khorasan_razavi_2019_03_06.csv
2019_03_07,1397-12-16,149.1,16.5,165.6,https://10.1.33.80/report-khorasan-razavi/daily_report_khorasan_razavi_2019_03_07.csv
2019_03_17,1397-12-26,151.6,16.8,168.4,https://10.1.33.80/report-khorasan-razavi/daily_report_khorasan_razavi_2019_03_17.csv
2019_03_09,1397-12-18,211.1,25.4,236.5,https://10.1.33.80/report-khorasan-razavi/daily_report_khorasan_razavi_2019_03_09.csv
2019_03_08,1397-12-17,140.5,15.2,155.7,https://10.1.33.80/report-khorasan-razavi/daily_report_khorasan_razavi_2019_03_08.csv
2019_03_19,1397-12-28,147.8,16.6,164.4,https://10.1.33.80/report-khorasan-razavi/daily_report_khorasan_razavi_2019_03_19.csv
2019_03_18,1397-12-27,150,17,167,https://10.1.33.80/report-khorasan-razavi/daily_report_khorasan_razavi_2019_03_18.csv
2019_03_15,1397-12-24,136.3,14.5,150.8,https://10.1.33.80/report-khorasan-razavi/daily_report_khorasan_razavi_2019_03_15.csv
2019_03_11,1397-12-20,107.7,12.1,119.8,https://10.1.33.80/report-khorasan-razavi/daily_report_khorasan_razavi_2019_03_11.csv
2019_03_14,1397-12-23,128.2,14.1,142.3,https://10.1.33.80/report-khorasan-razavi/daily_report_khorasan_razavi_2019_03_14.csv
2019_03_13,1397-12-22,124.5,13.9,138.4,https://10.1.33.80/report-khorasan-razavi/daily_report_khorasan_razavi_2019_03_13.csv
2019_03_16,1397-12-25,140.7,15.6,156.3,https://10.1.33.80/report-khorasan-razavi/daily_report_khorasan_razavi_2019_03_16.csv
2019_03_12,1397-12-21,110,12.3,122.3,https://10.1.33.80/report-khorasan-razavi/daily_report_khorasan_razavi_2019_03_12.csv
2019_03_10,1397-12-19,170.9,21.1,192,https://10.1.33.80/report-khorasan-razavi/daily_report_khorasan_razavi_2019_03_10.csv
2019_03_25,1398-01-05,148.1,16.3,164.4,https://10.1.33.80/report-khorasan-razavi/daily_report_khorasan_razavi_2019_03_25.csv
2020_02_07,1398-11-18,85.7,8.6,94.3,https://10.1.33.80/report-khorasan-razavi/daily_report_khorasan_razavi_2020_02_07.csv
2020-11-01,1399-08-11,301.1,35.7,336.8,https://10.1.33.80/report-khorasan-razavi/daily_report_kh-razavi_2020-11-01.csv
2020-11-17,1399-08-27,317.9,38.3,356.2,https://10.1.33.80/report-khorasan-razavi/daily_report_kh-razavi_2020-11-17.csv
2020-11-03,1399-08-13,300.9,33.3,334.2,https://10.1.33.80/report-khorasan-razavi/daily_report_kh-razavi_2020-11-03.csv
2020-11-09,1399-08-19,307.4,38,345.4,https://10.1.33.80/report-khorasan-razavi/daily_report_kh-razavi_2020-11-09.csv
2020-11-04,1399-08-14,325.7,38.8,364.5,https://10.1.33.80/report-khorasan-razavi/daily_report_kh-razavi_2020-11-04.csv
2020-11-07,1399-08-17,315.6,37.9,353.5,https://10.1.33.80/report-khorasan-razavi/daily_report_kh-razavi_2020-11-07.csv
2020-11-14,1399-08-24,333.9,40.4,374.3,https://10.1.33.80/report-khorasan-razavi/daily_report_kh-razavi_2020-11-14.csv
2020-11-30,1399-09-10,351.9,43,394.9,https://10.1.33.80/report-khorasan-razavi/daily_report_kh-razavi_2020-11-30.csv
2020-11-02,1399-08-12,315,37.6,352.6,https://10.1.33.80/report-khorasan-razavi/daily_report_kh-razavi_2020-11-02.csv
2020-11-05,1399-08-15,308.3,34.9,343.2,https://10.1.33.80/report-khorasan-razavi/daily_report_kh-razavi_2020-11-05.csv
2020-11-13,1399-08-23,309.5,34.3,343.8,https://10.1.33.80/report-khorasan-razavi/daily_report_kh-razavi_2020-11-13.csv
2020-11-06,1399-08-16,297.3,33.1,330.4,https://10.1.33.80/report-khorasan-razavi/daily_report_kh-razavi_2020-11-06.csv
2020-11-08,1399-08-18,305.7,37.8,343.5,https://10.1.33.80/report-khorasan-razavi/daily_report_kh-razavi_2020-11-08.csv
2020-11-12,1399-08-22,316.2,36.5,352.7,https://10.1.33.80/report-khorasan-razavi/daily_report_kh-razavi_2020-11-12.csv
2020-11-20,1399-08-30,327.7,35.3,363,https://10.1.33.80/report-khorasan-razavi/daily_report_kh-razavi_2020-11-20.csv
2020-11-10,1399-08-20,322.3,39.1,361.4,https://10.1.33.80/report-khorasan-razavi/daily_report_kh-razavi_2020-11-10.csv
2020-11-16,1399-08-26,326.8,39.9,366.7,https://10.1.33.80/report-khorasan-razavi/daily_report_kh-razavi_2020-11-16.csv
2020-11-19,1399-08-29,318.4,36.3,354.7,https://10.1.33.80/report-khorasan-razavi/daily_report_kh-razavi_2020-11-19.csv
2020-11-11,1399-08-21,329.6,39.3,368.9,https://10.1.33.80/report-khorasan-razavi/daily_report_kh-razavi_2020-11-11.csv
2020-12-01,1399-09-11,354.4,43.3,397.7,https://10.1.33.80/report-khorasan-razavi/daily_report_kh-razavi_2020-12-01.csv
2020-11-22,1399-09-02,368.2,44.5,412.7,https://10.1.33.80/report-khorasan-razavi/daily_report_kh-razavi_2020-11-22.csv
2020-11-18,1399-08-28,337.2,40.5,377.7,https://10.1.33.80/report-khorasan-razavi/daily_report_kh-razavi_2020-11-18.csv
2020-11-27,1399-09-07,325.3,36,361.3,https://10.1.33.80/report-khorasan-razavi/daily_report_kh-razavi_2020-11-27.csv
2020-11-21,1399-09-01,360.9,43.1,404,https://10.1.33.80/report-khorasan-razavi/daily_report_kh-razavi_2020-11-21.csv
2020-11-15,1399-08-25,332.6,39.9,372.5,https://10.1.33.80/report-khorasan-razavi/daily_report_kh-razavi_2020-11-15.csv
2020-12-14,1399-09-24,345.5,43.2,388.7,https://10.1.33.80/report-khorasan-razavi/daily_report_kh-razavi_2020-12-14.csv
2020-11-28,1399-09-08,352.4,42.6,395,https://10.1.33.80/report-khorasan-razavi/daily_report_kh-razavi_2020-11-28.csv
2020-11-29,1399-09-09,349.6,42.6,392.2,https://10.1.33.80/report-khorasan-razavi/daily_report_kh-razavi_2020-11-29.csv
2020-11-25,1399-09-05,350.8,42.2,393,https://10.1.33.80/report-khorasan-razavi/daily_report_kh-razavi_2020-11-25.csv
2020-11-26,1399-09-06,322.7,38.1,360.8,https://10.1.33.80/report-khorasan-razavi/daily_report_kh-razavi_2020-11-26.csv
2021-03-04,1399-12-14,398.9,42.7,441.6,https://10.1.33.80/report-khorasan-razavi/daily_report_kh-razavi_2021-03-04.csv
2021-03-03,1399-12-13,785.1,88.4,873.5,https://10.1.33.80/report-khorasan-razavi/daily_report_kh-razavi_2021-03-03.csv
2019_03_20,1397-12-29,133.2,14.6,147.8,https://10.1.33.80/report-khorasan-razavi/daily_report_khorasan_razavi_2019_03_20.csv
2019_03_29,1398-01-09,143.4,15.3,158.7,https://10.1.33.80/report-khorasan-razavi/daily_report_khorasan_razavi_2019_03_29.csv
2019_03_30,1398-01-10,151,16.5,167.5,https://10.1.33.80/report-khorasan-razavi/daily_report_khorasan_razavi_2019_03_30.csv
2019_03_23,1398-01-03,133.2,14.2,147.4,https://10.1.33.80/report-khorasan-razavi/daily_report_khorasan_razavi_2019_03_23.csv
2019_04_01,1398-01-12,141,15.1,156.1,https://10.1.33.80/report-khorasan-razavi/daily_report_khorasan_razavi_2019_04_01.csv
2019_04_02,1398-01-13,100.6,10.6,111.2,https://10.1.33.80/report-khorasan-razavi/daily_report_khorasan_razavi_2019_04_02.csv
2019_03_28,1398-01-08,150.8,16.1,166.9,https://10.1.33.80/report-khorasan-razavi/daily_report_khorasan_razavi_2019_03_28.csv
2019_03_31,1398-01-11,156,16.9,172.9,https://10.1.33.80/report-khorasan-razavi/daily_report_khorasan_razavi_2019_03_31.csv
2019_03_22,1398-01-02,118.8,13.2,132,https://10.1.33.80/report-khorasan-razavi/daily_report_khorasan_razavi_2019_03_22.csv
2020_03_20,1399-01-01,355.4,34.8,390.2,https://10.1.33.80/report-khorasan-razavi/daily_report_khorasan_razavi_2020_03_20.csv
2020_04_13,1399-01-25,308.2,36.8,345,https://10.1.33.80/report-khorasan-razavi/daily_report_khorasan_razavi_2020_04_13.csv
2020-12-24,1399-10-04,327.4,38.1,365.5,https://10.1.33.80/report-khorasan-razavi/daily_report_kh-razavi_2020-12-24.csv
2020-11-23,1399-09-03,353.8,42.5,396.3,https://10.1.33.80/report-khorasan-razavi/daily_report_kh-razavi_2020-11-23.csv
2020-12-07,1399-09-17,352.3,43.8,396.1,https://10.1.33.80/report-khorasan-razavi/daily_report_kh-razavi_2020-12-07.csv
2020-12-03,1399-09-13,276.6,33.2,309.8,https://10.1.33.80/report-khorasan-razavi/daily_report_kh-razavi_2020-12-03.csv
2020-12-08,1399-09-18,357,43.6,400.6,https://10.1.33.80/report-khorasan-razavi/daily_report_kh-razavi_2020-12-08.csv
2020-12-04,1399-09-14,317.9,35.8,353.7,https://10.1.33.80/report-khorasan-razavi/daily_report_kh-razavi_2020-12-04.csv
2020-12-19,1399-09-29,368,47,415,https://10.1.33.80/report-khorasan-razavi/daily_report_kh-razavi_2020-12-19.csv
2020-12-13,1399-09-23,355.9,43.9,399.8,https://10.1.33.80/report-khorasan-razavi/daily_report_kh-razavi_2020-12-13.csv
2020-12-29,1399-10-09,344.1,44.3,388.4,https://10.1.33.80/report-khorasan-razavi/daily_report_kh-razavi_2020-12-29.csv
2020-12-05,1399-09-15,347.8,42.9,390.7,https://10.1.33.80/report-khorasan-razavi/daily_report_kh-razavi_2020-12-05.csv
2020-12-11,1399-09-21,327.9,37.1,365,https://10.1.33.80/report-khorasan-razavi/daily_report_kh-razavi_2020-12-11.csv
2020-12-09,1399-09-19,354.5,42.8,397.3,https://10.1.33.80/report-khorasan-razavi/daily_report_kh-razavi_2020-12-09.csv
2020-12-06,1399-09-16,345.8,43.1,388.9,https://10.1.33.80/report-khorasan-razavi/daily_report_kh-razavi_2020-12-06.csv
2020-12-12,1399-09-22,364.3,44.9,409.2,https://10.1.33.80/report-khorasan-razavi/daily_report_kh-razavi_2020-12-12.csv
2020-11-24,1399-09-04,354.8,42.8,397.6,https://10.1.33.80/report-khorasan-razavi/daily_report_kh-razavi_2020-11-24.csv
2020-12-20,1399-09-30,336,44.1,380.1,https://10.1.33.80/report-khorasan-razavi/daily_report_kh-razavi_2020-12-20.csv
2020-12-18,1399-09-28,325.2,38.4,363.6,https://10.1.33.80/report-khorasan-razavi/daily_report_kh-razavi_2020-12-18.csv
2020-12-10,1399-09-20,336,38.9,374.9,https://10.1.33.80/report-khorasan-razavi/daily_report_kh-razavi_2020-12-10.csv
2020-12-26,1399-10-06,356.3,44.8,401.1,https://10.1.33.80/report-khorasan-razavi/daily_report_kh-razavi_2020-12-26.csv
2020-12-25,1399-10-05,333.7,38.1,371.8,https://10.1.33.80/report-khorasan-razavi/daily_report_kh-razavi_2020-12-25.csv
2021-01-09,1399-10-20,349.7,44.4,394.1,https://10.1.33.80/report-khorasan-razavi/daily_report_kh-razavi_2021-01-09.csv
2020-12-16,1399-09-26,346.6,43,389.6,https://10.1.33.80/report-khorasan-razavi/daily_report_kh-razavi_2020-12-16.csv
2021-01-01,1399-10-12,317.6,38.1,355.7,https://10.1.33.80/report-khorasan-razavi/daily_report_kh-razavi_2021-01-01.csv
2020-12-17,1399-09-27,327.3,39.8,367.1,https://10.1.33.80/report-khorasan-razavi/daily_report_kh-razavi_2020-12-17.csv
2020-12-15,1399-09-25,350.2,43.8,394,https://10.1.33.80/report-khorasan-razavi/daily_report_kh-razavi_2020-12-15.csv
2020-12-21,1399-10-01,330.6,43.3,373.9,https://10.1.33.80/report-khorasan-razavi/daily_report_kh-razavi_2020-12-21.csv
2020-12-31,1399-10-11,323.5,40,363.5,https://10.1.33.80/report-khorasan-razavi/daily_report_kh-razavi_2020-12-31.csv
2020-12-23,1399-10-03,335.8,42.7,378.5,https://10.1.33.80/report-khorasan-razavi/daily_report_kh-razavi_2020-12-23.csv
2021-01-14,1399-10-25,688.5,82.8,771.3,https://10.1.33.80/report-khorasan-razavi/daily_report_kh-razavi_2021-01-14.csv
2020-12-22,1399-10-02,342.9,44.2,387.1,https://10.1.33.80/report-khorasan-razavi/daily_report_kh-razavi_2020-12-22.csv
2020-12-28,1399-10-08,339.4,44.2,383.6,https://10.1.33.80/report-khorasan-razavi/daily_report_kh-razavi_2020-12-28.csv
2020-12-27,1399-10-07,338,43.8,381.8,https://10.1.33.80/report-khorasan-razavi/daily_report_kh-razavi_2020-12-27.csv
2020-12-30,1399-10-10,337.1,43.8,380.9,https://10.1.33.80/report-khorasan-razavi/daily_report_kh-razavi_2020-12-30.csv
2021-01-02,1399-10-13,339.6,44.3,383.9,https://10.1.33.80/report-khorasan-razavi/daily_report_kh-razavi_2021-01-02.csv
2021-01-07,1399-10-18,324.8,40.1,364.9,https://10.1.33.80/report-khorasan-razavi/daily_report_kh-razavi_2021-01-07.csv
2021-01-22,1399-11-03,702,82.5,784.5,https://10.1.33.80/report-khorasan-razavi/daily_report_kh-razavi_2021-01-22.csv
2021-01-06,1399-10-17,320.2,41.3,361.5,https://10.1.33.80/report-khorasan-razavi/daily_report_kh-razavi_2021-01-06.csv
2021-01-04,1399-10-15,339.5,44,383.5,https://10.1.33.80/report-khorasan-razavi/daily_report_kh-razavi_2021-01-04.csv
2021-01-27,1399-11-08,404.4,48.1,452.5,https://10.1.33.80/report-khorasan-razavi/daily_report_kh-razavi_2021-01-27.csv
2021-01-05,1399-10-16,343.7,43.6,387.3,https://10.1.33.80/report-khorasan-razavi/daily_report_kh-razavi_2021-01-05.csv
2021-01-12,1399-10-23,344.3,43,387.3,https://10.1.33.80/report-khorasan-razavi/daily_report_kh-razavi_2021-01-12.csv
2021-01-10,1399-10-21,342.7,43.5,386.2,https://10.1.33.80/report-khorasan-razavi/daily_report_kh-razavi_2021-01-10.csv
2021-01-03,1399-10-14,333.8,43.8,377.6,https://10.1.33.80/report-khorasan-razavi/daily_report_kh-razavi_2021-01-03.csv
2021-01-18,1399-10-29,657.9,80.4,738.3,https://10.1.33.80/report-khorasan-razavi/daily_report_kh-razavi_2021-01-18.csv
2021-01-17,1399-10-28,330.6,39.5,370.1,https://10.1.33.80/report-khorasan-razavi/daily_report_kh-razavi_2021-01-17.csv
2021-02-05,1399-11-17,691,79,770,https://10.1.33.80/report-khorasan-razavi/daily_report_kh-razavi_2021-02-05.csv
2021-02-10,1399-11-22,383.8,41.1,424.9,https://10.1.33.80/report-khorasan-razavi/daily_report_kh-razavi_2021-02-10.csv
2021-01-16,1399-10-27,668.3,80.1,748.4,https://10.1.33.80/report-khorasan-razavi/daily_report_kh-razavi_2021-01-16.csv
2021-01-13,1399-10-24,382.5,46.3,428.8,https://10.1.33.80/report-khorasan-razavi/daily_report_kh-razavi_2021-01-13.csv
2021-01-23,1399-11-04,395.4,48.8,444.2,https://10.1.33.80/report-khorasan-razavi/daily_report_kh-razavi_2021-01-23.csv
2021-01-21,1399-11-02,385.4,45.8,431.2,https://10.1.33.80/report-khorasan-razavi/daily_report_kh-razavi_2021-01-21.csv
2021-01-20,1399-11-01,694.8,87.4,782.2,https://10.1.33.80/report-khorasan-razavi/daily_report_kh-razavi_2021-01-20.csv
2021-01-15,1399-10-26,346.6,40.2,386.8,https://10.1.33.80/report-khorasan-razavi/daily_report_kh-razavi_2021-01-15.csv
2021-02-12,1399-11-24,354.8,38.2,393,https://10.1.33.80/report-khorasan-razavi/daily_report_kh-razavi_2021-02-12.csv
2021-01-24,1399-11-05,738.8,91.1,829.9,https://10.1.33.80/report-khorasan-razavi/daily_report_kh-razavi_2021-01-24.csv
2021-01-08,1399-10-19,319.1,38.1,357.2,https://10.1.33.80/report-khorasan-razavi/daily_report_kh-razavi_2021-01-08.csv
2021-01-11,1399-10-22,347.3,43.9,391.2,https://10.1.33.80/report-khorasan-razavi/daily_report_kh-razavi_2021-01-11.csv
2021-01-26,1399-11-07,744.3,90.5,834.8,https://10.1.33.80/report-khorasan-razavi/daily_report_kh-razavi_2021-01-26.csv
2021-01-19,1399-10-30,372.3,47,419.3,https://10.1.33.80/report-khorasan-razavi/daily_report_kh-razavi_2021-01-19.csv
2021-01-28,1399-11-09,722.6,85.3,807.9,https://10.1.33.80/report-khorasan-razavi/daily_report_kh-razavi_2021-01-28.csv
2021-01-25,1399-11-06,399.1,48.6,447.7,https://10.1.33.80/report-khorasan-razavi/daily_report_kh-razavi_2021-01-25.csv
2021-02-01,1399-11-13,752.8,91.6,844.4,https://10.1.33.80/report-khorasan-razavi/daily_report_kh-razavi_2021-02-01.csv
2019_03_21,1398-01-01,132.9,15.4,148.3,https://10.1.33.80/report-khorasan-razavi/daily_report_khorasan_razavi_2019_03_21.csv
2019_03_27,1398-01-07,163.8,17.8,181.6,https://10.1.33.80/report-khorasan-razavi/daily_report_khorasan_razavi_2019_03_27.csv
2019_03_24,1398-01-04,131.3,14,145.3,https://10.1.33.80/report-khorasan-razavi/daily_report_khorasan_razavi_2019_03_24.csv
2019_04_07,1398-01-18,94.5,10.8,105.3,https://10.1.33.80/report-khorasan-razavi/daily_report_khorasan_razavi_2019_04_07.csv
2019_04_26,1398-02-06,65.2,7,72.2,https://10.1.33.80/report-khorasan-razavi/daily_report_khorasan_razavi_2019_04_26.csv
2019_04_03,1398-01-14,91.3,9.4,100.7,https://10.1.33.80/report-khorasan-razavi/daily_report_khorasan_razavi_2019_04_03.csv
2019_04_09,1398-01-20,91.3,10.2,101.5,https://10.1.33.80/report-khorasan-razavi/daily_report_khorasan_razavi_2019_04_09.csv
2019_04_12,1398-01-23,99.7,10.9,110.6,https://10.1.33.80/report-khorasan-razavi/daily_report_khorasan_razavi_2019_04_12.csv
2019_04_14,1398-01-25,91.3,10.2,101.5,https://10.1.33.80/report-khorasan-razavi/daily_report_khorasan_razavi_2019_04_14.csv
2019_04_15,1398-01-26,73,7.8,80.8,https://10.1.33.80/report-khorasan-razavi/daily_report_khorasan_razavi_2019_04_15.csv
2019_04_06,1398-01-17,114.7,13,127.7,https://10.1.33.80/report-khorasan-razavi/daily_report_khorasan_razavi_2019_04_06.csv
2019_04_04,1398-01-15,151.8,16.5,168.3,https://10.1.33.80/report-khorasan-razavi/daily_report_khorasan_razavi_2019_04_04.csv
2019_04_17,1398-01-28,70.7,7.4,78.1,https://10.1.33.80/report-khorasan-razavi/daily_report_khorasan_razavi_2019_04_17.csv
2019_04_21,1398-02-01,71.5,7.6,79.1,https://10.1.33.80/report-khorasan-razavi/daily_report_khorasan_razavi_2019_04_21.csv
2019_05_03,1398-02-13,56,6.1,62.1,https://10.1.33.80/report-khorasan-razavi/daily_report_khorasan_razavi_2019_05_03.csv
2019_05_05,1398-02-15,75.9,9.2,85.1,https://10.1.33.80/report-khorasan-razavi/daily_report_khorasan_razavi_2019_05_05.csv
2019_05_02,1398-02-12,61.9,6.9,68.8,https://10.1.33.80/report-khorasan-razavi/daily_report_khorasan_razavi_2019_05_02.csv
2020_04_04,1399-01-16,330.4,36.5,366.9,https://10.1.33.80/report-khorasan-razavi/daily_report_khorasan_razavi_2020_04_04.csv
2021-01-29,1399-11-10,364.6,41.4,406,https://10.1.33.80/report-khorasan-razavi/daily_report_kh-razavi_2021-01-29.csv
2021-02-04,1399-11-16,382.1,44.2,426.3,https://10.1.33.80/report-khorasan-razavi/daily_report_kh-razavi_2021-02-04.csv
2021-01-31,1399-11-12,407.9,49.3,457.2,https://10.1.33.80/report-khorasan-razavi/daily_report_kh-razavi_2021-01-31.csv
2021-02-13,1399-11-25,706.9,79.5,786.4,https://10.1.33.80/report-khorasan-razavi/daily_report_kh-razavi_2021-02-13.csv
2021-02-06,1399-11-18,429.2,51.1,480.3,https://10.1.33.80/report-khorasan-razavi/daily_report_kh-razavi_2021-02-06.csv
2021-02-11,1399-11-23,704.2,76.5,780.7,https://10.1.33.80/report-khorasan-razavi/daily_report_kh-razavi_2021-02-11.csv
2021-02-08,1399-11-20,408.7,48.6,457.3,https://10.1.33.80/report-khorasan-razavi/daily_report_kh-razavi_2021-02-08.csv
2021-02-03,1399-11-15,741,90.5,831.5,https://10.1.33.80/report-khorasan-razavi/daily_report_kh-razavi_2021-02-03.csv
2021-01-30,1399-11-11,719.2,84.4,803.6,https://10.1.33.80/report-khorasan-razavi/daily_report_kh-razavi_2021-01-30.csv
2021-02-02,1399-11-14,401.1,48.5,449.6,https://10.1.33.80/report-khorasan-razavi/daily_report_kh-razavi_2021-02-02.csv
2021-03-07,1399-12-17,788.8,89.9,878.7,https://10.1.33.80/report-khorasan-razavi/daily_report_kh-razavi_2021-03-07.csv
2021-02-15,1399-11-27,753.2,88.6,841.8,https://10.1.33.80/report-khorasan-razavi/daily_report_kh-razavi_2021-02-15.csv
2021-02-19,1399-12-01,667.9,76,743.9,https://10.1.33.80/report-khorasan-razavi/daily_report_kh-razavi_2021-02-19.csv
2021-02-16,1399-11-28,381.5,45.3,426.8,https://10.1.33.80/report-khorasan-razavi/daily_report_kh-razavi_2021-02-16.csv
2021-02-18,1399-11-30,364.8,42.5,407.3,https://10.1.33.80/report-khorasan-razavi/daily_report_kh-razavi_2021-02-18.csv
2021-02-17,1399-11-29,722.1,85.6,807.7,https://10.1.33.80/report-khorasan-razavi/daily_report_kh-razavi_2021-02-17.csv
2021-02-09,1399-11-21,752.5,88.6,841.1,https://10.1.33.80/report-khorasan-razavi/daily_report_kh-razavi_2021-02-09.csv
2021-02-14,1399-11-26,410.5,47.6,458.1,https://10.1.33.80/report-khorasan-razavi/daily_report_kh-razavi_2021-02-14.csv
2021-02-07,1399-11-19,787.6,94.4,882,https://10.1.33.80/report-khorasan-razavi/daily_report_kh-razavi_2021-02-07.csv
2021-02-20,1399-12-02,414.8,47.9,462.7,https://10.1.33.80/report-khorasan-razavi/daily_report_kh-razavi_2021-02-20.csv
2021-02-25,1399-12-07,712.9,78.8,791.7,https://10.1.33.80/report-khorasan-razavi/daily_report_kh-razavi_2021-02-25.csv
2021-02-28,1399-12-10,412.8,47.1,459.9,https://10.1.33.80/report-khorasan-razavi/daily_report_kh-razavi_2021-02-28.csv
2021-02-26,1399-12-08,394.2,41.4,435.6,https://10.1.33.80/report-khorasan-razavi/daily_report_kh-razavi_2021-02-26.csv
2021-02-21,1399-12-03,768,89.3,857.3,https://10.1.33.80/report-khorasan-razavi/daily_report_kh-razavi_2021-02-21.csv
2021-02-22,1399-12-04,389.8,45.9,435.7,https://10.1.33.80/report-khorasan-razavi/daily_report_kh-razavi_2021-02-22.csv
2021-03-06,1399-12-16,438.6,49.2,487.8,https://10.1.33.80/report-khorasan-razavi/daily_report_kh-razavi_2021-03-06.csv
2021-03-05,1399-12-15,720.1,76.7,796.8,https://10.1.33.80/report-khorasan-razavi/daily_report_kh-razavi_2021-03-05.csv
2021-03-02,1399-12-12,425.8,48,473.8,https://10.1.33.80/report-khorasan-razavi/daily_report_kh-razavi_2021-03-02.csv
2021-02-23,1399-12-05,729.6,86.1,815.7,https://10.1.33.80/report-khorasan-razavi/daily_report_kh-razavi_2021-02-23.csv
2021-02-24,1399-12-06,380.1,43,423.1,https://10.1.33.80/report-khorasan-razavi/daily_report_kh-razavi_2021-02-24.csv
2021-03-01,1399-12-11,756.9,87.3,844.2,https://10.1.33.80/report-khorasan-razavi/daily_report_kh-razavi_2021-03-01.csv
2021-02-27,1399-12-09,764.7,83.7,848.4,https://10.1.33.80/report-khorasan-razavi/daily_report_kh-razavi_2021-02-27.csv
2019_04_20,1398-01-31,71.3,7.8,79.1,https://10.1.33.80/report-khorasan-razavi/daily_report_khorasan_razavi_2019_04_20.csv
2019_04_05,1398-01-16,100.8,10.7,111.5,https://10.1.33.80/report-khorasan-razavi/daily_report_khorasan_razavi_2019_04_05.csv
2019_04_29,1398-02-09,63.7,7.1,70.8,https://10.1.33.80/report-khorasan-razavi/daily_report_khorasan_razavi_2019_04_29.csv
2019_04_10,1398-01-21,81.2,8.8,90,https://10.1.33.80/report-khorasan-razavi/daily_report_khorasan_razavi_2019_04_10.csv
2019_04_28,1398-02-08,58.7,6.8,65.5,https://10.1.33.80/report-khorasan-razavi/daily_report_khorasan_razavi_2019_04_28.csv
2019_04_23,1398-02-03,74.3,8.1,82.4,https://10.1.33.80/report-khorasan-razavi/daily_report_khorasan_razavi_2019_04_23.csv
2019_03_26,1398-01-06,162.3,17.6,179.9,https://10.1.33.80/report-khorasan-razavi/daily_report_khorasan_razavi_2019_03_26.csv
2019_04_16,1398-01-27,65.5,7.1,72.6,https://10.1.33.80/report-khorasan-razavi/daily_report_khorasan_razavi_2019_04_16.csv
2019_04_13,1398-01-24,73.2,8.2,81.4,https://10.1.33.80/report-khorasan-razavi/daily_report_khorasan_razavi_2019_04_13.csv
2019_04_08,1398-01-19,89.5,9.7,99.2,https://10.1.33.80/report-khorasan-razavi/daily_report_khorasan_razavi_2019_04_08.csv
2019_04_11,1398-01-22,65.7,6.7,72.4,https://10.1.33.80/report-khorasan-razavi/daily_report_khorasan_razavi_2019_04_11.csv
2019_04_22,1398-02-02,71.5,7.8,79.3,https://10.1.33.80/report-khorasan-razavi/daily_report_khorasan_razavi_2019_04_22.csv
2019_04_19,1398-01-30,69.6,7.3,76.9,https://10.1.33.80/report-khorasan-razavi/daily_report_khorasan_razavi_2019_04_19.csv
2019_04_18,1398-01-29,73.8,7.7,81.5,https://10.1.33.80/report-khorasan-razavi/daily_report_khorasan_razavi_2019_04_18.csv
2019_04_30,1398-02-10,88.1,10.2,98.3,https://10.1.33.80/report-khorasan-razavi/daily_report_khorasan_razavi_2019_04_30.csv
2019_05_04,1398-02-14,61.3,7.3,68.6,https://10.1.33.80/report-khorasan-razavi/daily_report_khorasan_razavi_2019_05_04.csv
2019_04_25,1398-02-05,70,7.4,77.4,https://10.1.33.80/report-khorasan-razavi/daily_report_khorasan_razavi_2019_04_25.csv
2019_04_27,1398-02-07,62.7,7.2,69.9,https://10.1.33.80/report-khorasan-razavi/daily_report_khorasan_razavi_2019_04_27.csv
2019_04_24,1398-02-04,75.4,8,83.4,https://10.1.33.80/report-khorasan-razavi/daily_report_khorasan_razavi_2019_04_24.csv
2020_02_15,1398-11-26,86,9.7,95.7,https://10.1.33.80/report-khorasan-razavi/daily_report_khorasan_razavi_2020_02_15.csv
2019_05_01,1398-02-11,76.5,8.9,85.4,https://10.1.33.80/report-khorasan-razavi/daily_report_khorasan_razavi_2019_05_01.csv
2019_05_07,1398-02-17,62.5,7.1,69.6,https://10.1.33.80/report-khorasan-razavi/daily_report_khorasan_razavi_2019_05_07.csv
2019_05_06,1398-02-16,63.7,7.3,71,https://10.1.33.80/report-khorasan-razavi/daily_report_khorasan_razavi_2019_05_06.csv
2020_02_21,1398-12-02,84.6,8.7,93.3,https://10.1.33.80/report-khorasan-razavi/daily_report_khorasan_razavi_2020_02_21.csv
2020_02_10,1398-11-21,87.3,9.3,96.6,https://10.1.33.80/report-khorasan-razavi/daily_report_khorasan_razavi_2020_02_10.csv
2020_02_14,1398-11-25,87.4,9.2,96.6,https://10.1.33.80/report-khorasan-razavi/daily_report_khorasan_razavi_2020_02_14.csv
2020_02_05,1398-11-16,86.2,9.1,95.3,https://10.1.33.80/report-khorasan-razavi/daily_report_khorasan_razavi_2020_02_05.csv
2020_02_11,1398-11-22,96.3,9.7,106,https://10.1.33.80/report-khorasan-razavi/daily_report_khorasan_razavi_2020_02_11.csv
2020_02_06,1398-11-17,85.1,8.8,93.9,https://10.1.33.80/report-khorasan-razavi/daily_report_khorasan_razavi_2020_02_06.csv
2020_02_08,1398-11-19,83.5,9.1,92.6,https://10.1.33.80/report-khorasan-razavi/daily_report_khorasan_razavi_2020_02_08.csv
2020_02_09,1398-11-20,85.1,9.1,94.2,https://10.1.33.80/report-khorasan-razavi/daily_report_khorasan_razavi_2020_02_09.csv
2020_02_20,1398-12-01,85.7,8.9,94.6,https://10.1.33.80/report-khorasan-razavi/daily_report_khorasan_razavi_2020_02_20.csv
2020_02_12,1398-11-23,92.9,9.9,102.8,https://10.1.33.80/report-khorasan-razavi/daily_report_khorasan_razavi_2020_02_12.csv
2020_02_16,1398-11-27,82.9,9,91.9,https://10.1.33.80/report-khorasan-razavi/daily_report_khorasan_razavi_2020_02_16.csv
2020_02_19,1398-11-30,81.3,8.7,90,https://10.1.33.80/report-khorasan-razavi/daily_report_khorasan_razavi_2020_02_19.csv
2020_02_29,1398-12-10,105.6,11.2,116.8,https://10.1.33.80/report-khorasan-razavi/daily_report_khorasan_razavi_2020_02_29.csv
2020_02_22,1398-12-03,90.9,9.7,100.6,https://10.1.33.80/report-khorasan-razavi/daily_report_khorasan_razavi_2020_02_22.csv
2020_02_18,1398-11-29,81.3,8.8,90.1,https://10.1.33.80/report-khorasan-razavi/daily_report_khorasan_razavi_2020_02_18.csv
2020_02_26,1398-12-07,108.8,11.4,120.2,https://10.1.33.80/report-khorasan-razavi/daily_report_khorasan_razavi_2020_02_26.csv
2020_02_25,1398-12-06,100.3,10.4,110.7,https://10.1.33.80/report-khorasan-razavi/daily_report_khorasan_razavi_2020_02_25.csv
2020_02_13,1398-11-24,86.2,9,95.2,https://10.1.33.80/report-khorasan-razavi/daily_report_khorasan_razavi_2020_02_13.csv
2020_02_28,1398-12-09,102.8,10.5,113.3,https://10.1.33.80/report-khorasan-razavi/daily_report_khorasan_razavi_2020_02_28.csv
2020_02_17,1398-11-28,82.4,8.9,91.3,https://10.1.33.80/report-khorasan-razavi/daily_report_khorasan_razavi_2020_02_17.csv
2020_02_23,1398-12-04,87,9.5,96.5,https://10.1.33.80/report-khorasan-razavi/daily_report_khorasan_razavi_2020_02_23.csv
2020_02_24,1398-12-05,96,10.1,106.1,https://10.1.33.80/report-khorasan-razavi/daily_report_khorasan_razavi_2020_02_24.csv
2020_03_09,1398-12-19,196.2,19.8,216,https://10.1.33.80/report-khorasan-razavi/daily_report_khorasan_razavi_2020_03_09.csv
2020_03_03,1398-12-13,112.7,12.1,124.8,https://10.1.33.80/report-khorasan-razavi/daily_report_khorasan_razavi_2020_03_03.csv
2020_03_04,1398-12-14,111.9,11.9,123.8,https://10.1.33.80/report-khorasan-razavi/daily_report_khorasan_razavi_2020_03_04.csv
2020_03_01,1398-12-11,105.6,11.4,117,https://10.1.33.80/report-khorasan-razavi/daily_report_khorasan_razavi_2020_03_01.csv
2020_03_02,1398-12-12,107.8,11.5,119.3,https://10.1.33.80/report-khorasan-razavi/daily_report_khorasan_razavi_2020_03_02.csv
2020_03_30,1399-01-11,0,0,0,https://10.1.33.80/report-khorasan-razavi/daily_report_khorasan_razavi_2020_03_30.csv
2020_03_15,1398-12-25,194.1,18.6,212.7,https://10.1.33.80/report-khorasan-razavi/daily_report_khorasan_razavi_2020_03_15.csv
2020_03_13,1398-12-23,221.1,20.8,241.9,https://10.1.33.80/report-khorasan-razavi/daily_report_khorasan_razavi_2020_03_13.csv
2020_03_07,1398-12-17,110.3,11.9,122.2,https://10.1.33.80/report-khorasan-razavi/daily_report_khorasan_razavi_2020_03_07.csv
2020_03_05,1398-12-15,112.7,11.7,124.4,https://10.1.33.80/report-khorasan-razavi/daily_report_khorasan_razavi_2020_03_05.csv
2020_02_27,1398-12-08,112.4,11.7,124.1,https://10.1.33.80/report-khorasan-razavi/daily_report_khorasan_razavi_2020_02_27.csv
2020_03_29,1399-01-10,0,0,0,https://10.1.33.80/report-khorasan-razavi/daily_report_khorasan_razavi_2020_03_29.csv
2020_03_11,1398-12-21,159.1,15.7,174.8,https://10.1.33.80/report-khorasan-razavi/daily_report_khorasan_razavi_2020_03_11.csv
2020_03_16,1398-12-26,173.3,16.3,189.6,https://10.1.33.80/report-khorasan-razavi/daily_report_khorasan_razavi_2020_03_16.csv
2020_03_27,1399-01-08,225.9,22.3,248.2,https://10.1.33.80/report-khorasan-razavi/daily_report_khorasan_razavi_2020_03_27.csv
2020_03_23,1399-01-04,0,0,0,https://10.1.33.80/report-khorasan-razavi/daily_report_khorasan_razavi_2020_03_23.csv
2020_04_10,1399-01-22,332.2,36.5,368.7,https://10.1.33.80/report-khorasan-razavi/daily_report_khorasan_razavi_2020_04_10.csv
2020_03_08,1398-12-18,157.1,15.9,173,https://10.1.33.80/report-khorasan-razavi/daily_report_khorasan_razavi_2020_03_08.csv
2020_03_17,1398-12-27,0.6,0,0.6,https://10.1.33.80/report-khorasan-razavi/daily_report_khorasan_razavi_2020_03_17.csv
2020_03_10,1398-12-20,179.3,17.8,197.1,https://10.1.33.80/report-khorasan-razavi/daily_report_khorasan_razavi_2020_03_10.csv
2020_03_18,1398-12-28,0.1,0,0.1,https://10.1.33.80/report-khorasan-razavi/daily_report_khorasan_razavi_2020_03_18.csv
2020_03_19,1398-12-29,232.8,20.7,253.5,https://10.1.33.80/report-khorasan-razavi/daily_report_khorasan_razavi_2020_03_19.csv
2020_04_11,1399-01-23,318,36.7,354.7,https://10.1.33.80/report-khorasan-razavi/daily_report_khorasan_razavi_2020_04_11.csv
2020_04_09,1399-01-21,342.2,38.4,380.6,https://10.1.33.80/report-khorasan-razavi/daily_report_khorasan_razavi_2020_04_09.csv
2020_03_12,1398-12-22,281.4,27.2,308.6,https://10.1.33.80/report-khorasan-razavi/daily_report_khorasan_razavi_2020_03_12.csv
2020_03_06,1398-12-16,109.8,11.4,121.2,https://10.1.33.80/report-khorasan-razavi/daily_report_khorasan_razavi_2020_03_06.csv
2020_03_25,1399-01-06,272.3,26.5,298.8,https://10.1.33.80/report-khorasan-razavi/daily_report_khorasan_razavi_2020_03_25.csv
2020_03_14,1398-12-24,201.2,19.4,220.6,https://10.1.33.80/report-khorasan-razavi/daily_report_khorasan_razavi_2020_03_14.csv
2020_04_14,1399-01-26,295.2,35.4,330.6,https://10.1.33.80/report-khorasan-razavi/daily_report_khorasan_razavi_2020_04_14.csv
2020_03_22,1399-01-03,0,0,0,https://10.1.33.80/report-khorasan-razavi/daily_report_khorasan_razavi_2020_03_22.csv
2020_03_28,1399-01-09,0,0,0,https://10.1.33.80/report-khorasan-razavi/daily_report_khorasan_razavi_2020_03_28.csv
2020_04_02,1399-01-14,186.4,19.9,206.3,https://10.1.33.80/report-khorasan-razavi/daily_report_khorasan_razavi_2020_04_02.csv
2020_04_05,1399-01-17,342,38.2,380.2,https://10.1.33.80/report-khorasan-razavi/daily_report_khorasan_razavi_2020_04_05.csv
2020_03_31,1399-01-12,0,0,0,https://10.1.33.80/report-khorasan-razavi/daily_report_khorasan_razavi_2020_03_31.csv
2020_03_24,1399-01-05,237.6,23,260.6,https://10.1.33.80/report-khorasan-razavi/daily_report_khorasan_razavi_2020_03_24.csv
2020_04_03,1399-01-15,275.4,29.1,304.5,https://10.1.33.80/report-khorasan-razavi/daily_report_khorasan_razavi_2020_04_03.csv
2020_03_26,1399-01-07,287.3,27.3,314.6,https://10.1.33.80/report-khorasan-razavi/daily_report_khorasan_razavi_2020_03_26.csv
2020_04_12,1399-01-24,309.1,36.8,345.9,https://10.1.33.80/report-khorasan-razavi/daily_report_khorasan_razavi_2020_04_12.csv
2020_04_08,1399-01-20,330.2,37.1,367.3,https://10.1.33.80/report-khorasan-razavi/daily_report_khorasan_razavi_2020_04_08.csv
2020_04_01,1399-01-13,0,0,0,https://10.1.33.80/report-khorasan-razavi/daily_report_khorasan_razavi_2020_04_01.csv
2020_04_06,1399-01-18,325,36.2,361.2,https://10.1.33.80/report-khorasan-razavi/daily_report_khorasan_razavi_2020_04_06.csv
2020_04_07,1399-01-19,331,37.5,368.5,https://10.1.33.80/report-khorasan-razavi/daily_report_khorasan_razavi_2020_04_07.csv
2019_05_12,1398-02-22,58.5,6.7,65.2,https://10.1.33.80/report-khorasan-razavi/daily_report_khorasan_razavi_2019_05_12.csv
2019_05_09,1398-02-19,70.1,7.5,77.6,https://10.1.33.80/report-khorasan-razavi/daily_report_khorasan_razavi_2019_05_09.csv
2019_05_11,1398-02-21,109.3,13,122.3,https://10.1.33.80/report-khorasan-razavi/daily_report_khorasan_razavi_2019_05_11.csv
2019_05_16,1398-02-26,70,7.5,77.5,https://10.1.33.80/report-khorasan-razavi/daily_report_khorasan_razavi_2019_05_16.csv
2019_05_10,1398-02-20,67.8,7.1,74.9,https://10.1.33.80/report-khorasan-razavi/daily_report_khorasan_razavi_2019_05_10.csv
2019_05_14,1398-02-24,63.5,7,70.5,https://10.1.33.80/report-khorasan-razavi/daily_report_khorasan_razavi_2019_05_14.csv
2019_05_15,1398-02-25,72.3,7.8,80.1,https://10.1.33.80/report-khorasan-razavi/daily_report_khorasan_razavi_2019_05_15.csv
2019_05_08,1398-02-18,64.6,7.1,71.7,https://10.1.33.80/report-khorasan-razavi/daily_report_khorasan_razavi_2019_05_08.csv
2019_05_13,1398-02-23,84.2,9.6,93.8,https://10.1.33.80/report-khorasan-razavi/daily_report_khorasan_razavi_2019_05_13.csv
2019_05_20,1398-02-30,65.8,7,72.8,https://10.1.33.80/report-khorasan-razavi/daily_report_khorasan_razavi_2019_05_20.csv
2019_05_19,1398-02-29,63.4,7,70.4,https://10.1.33.80/report-khorasan-razavi/daily_report_khorasan_razavi_2019_05_19.csv
2019_10_16,1398-07-24,5,0.5,5.5,https://10.1.33.80/report-khorasan-razavi/daily_report_khorasan_razavi_2019_10_16.csv
2019_05_22,1398-03-01,69.5,7.5,77,https://10.1.33.80/report-khorasan-razavi/daily_report_khorasan_razavi_2019_05_22.csv
2019_05_17,1398-02-27,68.5,7.3,75.8,https://10.1.33.80/report-khorasan-razavi/daily_report_khorasan_razavi_2019_05_17.csv
2019_09_04,1398-06-13,21.2,2.2,23.4,https://10.1.33.80/report-khorasan-razavi/daily_report_khorasan_razavi_2019_09_04.csv
2019_08_25,1398-06-03,22.3,2.5,24.8,https://10.1.33.80/report-khorasan-razavi/daily_report_khorasan_razavi_2019_08_25.csv
2019_05_23,1398-03-02,64.9,7,71.9,https://10.1.33.80/report-khorasan-razavi/daily_report_khorasan_razavi_2019_05_23.csv
2019_05_18,1398-02-28,67.6,7.4,75,https://10.1.33.80/report-khorasan-razavi/daily_report_khorasan_razavi_2019_05_18.csv
2019_05_25,1398-03-04,64.1,7.1,71.2,https://10.1.33.80/report-khorasan-razavi/daily_report_khorasan_razavi_2019_05_25.csv
2019_10_01,1398-07-09,24.2,2.8,27,https://10.1.33.80/report-khorasan-razavi/daily_report_khorasan_razavi_2019_10_01.csv
2019_10_23,1398-08-01,76.9,8.3,85.2,https://10.1.33.80/report-khorasan-razavi/daily_report_khorasan_razavi_2019_10_23.csv
2019_10_09,1398-07-17,8.2,1,9.2,https://10.1.33.80/report-khorasan-razavi/daily_report_khorasan_razavi_2019_10_09.csv
2019_09_09,1398-06-18,20.6,2.1,22.7,https://10.1.33.80/report-khorasan-razavi/daily_report_khorasan_razavi_2019_09_09.csv
2019_10_18,1398-07-26,110.1,11.7,121.8,https://10.1.33.80/report-khorasan-razavi/daily_report_khorasan_razavi_2019_10_18.csv
2019_09_14,1398-06-23,24.8,2.6,27.4,https://10.1.33.80/report-khorasan-razavi/daily_report_khorasan_razavi_2019_09_14.csv
2019_09_16,1398-06-25,24.8,2.7,27.5,https://10.1.33.80/report-khorasan-razavi/daily_report_khorasan_razavi_2019_09_16.csv
2019_10_07,1398-07-15,11.7,1.4,13.1,https://10.1.33.80/report-khorasan-razavi/daily_report_khorasan_razavi_2019_10_07.csv
2019_10_17,1398-07-25,118.4,12.9,131.3,https://10.1.33.80/report-khorasan-razavi/daily_report_khorasan_razavi_2019_10_17.csv
2019_09_24,1398-07-02,25.4,2.9,28.3,https://10.1.33.80/report-khorasan-razavi/daily_report_khorasan_razavi_2019_09_24.csv
2019_05_21,1398-02-31,65.2,7.1,72.3,https://10.1.33.80/report-khorasan-razavi/daily_report_khorasan_razavi_2019_05_21.csv
2019_10_24,1398-08-02,78.9,8.1,87,https://10.1.33.80/report-khorasan-razavi/daily_report_khorasan_razavi_2019_10_24.csv
2019_09_03,1398-06-12,20.4,2.2,22.6,https://10.1.33.80/report-khorasan-razavi/daily_report_khorasan_razavi_2019_09_03.csv
2019_09_07,1398-06-16,22.1,2.3,24.4,https://10.1.33.80/report-khorasan-razavi/daily_report_khorasan_razavi_2019_09_07.csv
2019_09_22,1398-06-31,29.2,3.3,32.5,https://10.1.33.80/report-khorasan-razavi/daily_report_khorasan_razavi_2019_09_22.csv
2019_09_28,1398-07-06,27.1,3.1,30.2,https://10.1.33.80/report-khorasan-razavi/daily_report_khorasan_razavi_2019_09_28.csv
2019_09_21,1398-06-30,30.3,3.3,33.6,https://10.1.33.80/report-khorasan-razavi/daily_report_khorasan_razavi_2019_09_21.csv
2019_08_11,1398-05-20,20.6,2.2,22.8,https://10.1.33.80/report-khorasan-razavi/daily_report_khorasan_razavi_2019_08_11.csv
2019_10_30,1398-08-08,68,7.5,75.5,https://10.1.33.80/report-khorasan-razavi/daily_report_khorasan_razavi_2019_10_30.csv
2019_10_12,1398-07-20,5.3,0.6,5.9,https://10.1.33.80/report-khorasan-razavi/daily_report_khorasan_razavi_2019_10_12.csv
2019_10_13,1398-07-21,4.1,0.5,4.6,https://10.1.33.80/report-khorasan-razavi/daily_report_khorasan_razavi_2019_10_13.csv
2019_10_11,1398-07-19,7,0.7,7.7,https://10.1.33.80/report-khorasan-razavi/daily_report_khorasan_razavi_2019_10_11.csv
2019_10_21,1398-07-29,77.4,8.7,86.1,https://10.1.33.80/report-khorasan-razavi/daily_report_khorasan_razavi_2019_10_21.csv
2019_09_27,1398-07-05,29.6,3.2,32.8,https://10.1.33.80/report-khorasan-razavi/daily_report_khorasan_razavi_2019_09_27.csv
2019_08_29,1398-06-07,22.6,2.4,25,https://10.1.33.80/report-khorasan-razavi/daily_report_khorasan_razavi_2019_08_29.csv
2019_10_08,1398-07-16,8.7,1.1,9.8,https://10.1.33.80/report-khorasan-razavi/daily_report_khorasan_razavi_2019_10_08.csv
2019_08_10,1398-05-19,25.1,2.8,27.9,https://10.1.33.80/report-khorasan-razavi/daily_report_khorasan_razavi_2019_08_10.csv
2019_10_10,1398-07-18,7.4,0.8,8.2,https://10.1.33.80/report-khorasan-razavi/daily_report_khorasan_razavi_2019_10_10.csv
2019_10_26,1398-08-04,73.6,8,81.6,https://10.1.33.80/report-khorasan-razavi/daily_report_khorasan_razavi_2019_10_26.csv
2019_11_21,1398-08-30,26.6,2,28.6,https://10.1.33.80/report-khorasan-razavi/daily_report_khorasan_razavi_2019_11_21.csv
2019_11_12,1398-08-21,65.1,7.6,72.7,https://10.1.33.80/report-khorasan-razavi/daily_report_khorasan_razavi_2019_11_12.csv
2019_05_24,1398-03-03,63.1,6.6,69.7,https://10.1.33.80/report-khorasan-razavi/daily_report_khorasan_razavi_2019_05_24.csv
2019_10_29,1398-08-07,71.5,7.5,79,https://10.1.33.80/report-khorasan-razavi/daily_report_khorasan_razavi_2019_10_29.csv
2019_11_05,1398-08-14,69.8,7.7,77.5,https://10.1.33.80/report-khorasan-razavi/daily_report_khorasan_razavi_2019_11_05.csv
2019_11_03,1398-08-12,62.9,7.1,70,https://10.1.33.80/report-khorasan-razavi/daily_report_khorasan_razavi_2019_11_03.csv
2019_11_19,1398-08-28,16.8,1.5,18.3,https://10.1.33.80/report-khorasan-razavi/daily_report_khorasan_razavi_2019_11_19.csv
2019_11_16,1398-08-25,95.4,10.5,105.9,https://10.1.33.80/report-khorasan-razavi/daily_report_khorasan_razavi_2019_11_16.csv
2019_11_06,1398-08-15,77.1,7.9,85,https://10.1.33.80/report-khorasan-razavi/daily_report_khorasan_razavi_2019_11_06.csv
2019_11_22,1398-09-01,28.2,2,30.2,https://10.1.33.80/report-khorasan-razavi/daily_report_khorasan_razavi_2019_11_22.csv
2019_11_24,1398-09-03,149.8,16.7,166.5,https://10.1.33.80/report-khorasan-razavi/daily_report_khorasan_razavi_2019_11_24.csv
2019_11_15,1398-08-24,79.8,8.5,88.3,https://10.1.33.80/report-khorasan-razavi/daily_report_khorasan_razavi_2019_11_15.csv
2019_05_26,1398-03-05,64.2,6.8,71,https://10.1.33.80/report-khorasan-razavi/daily_report_khorasan_razavi_2019_05_26.csv
2019_05_27,1398-03-06,82.5,8.7,91.2,https://10.1.33.80/report-khorasan-razavi/daily_report_khorasan_razavi_2019_05_27.csv
2019_06_05,1398-03-15,21,2.3,23.3,https://10.1.33.80/report-khorasan-razavi/daily_report_khorasan_razavi_2019_06_05.csv
2019_05_29,1398-03-08,72,7.6,79.6,https://10.1.33.80/report-khorasan-razavi/daily_report_khorasan_razavi_2019_05_29.csv
2019_11_10,1398-08-19,63.1,7.7,70.8,https://10.1.33.80/report-khorasan-razavi/daily_report_khorasan_razavi_2019_11_10.csv
2019_05_31,1398-03-10,76.4,7.7,84.1,https://10.1.33.80/report-khorasan-razavi/daily_report_khorasan_razavi_2019_05_31.csv
2019_05_30,1398-03-09,75.6,7.8,83.4,https://10.1.33.80/report-khorasan-razavi/daily_report_khorasan_razavi_2019_05_30.csv
2019_06_04,1398-03-14,23.5,2.5,26,https://10.1.33.80/report-khorasan-razavi/daily_report_khorasan_razavi_2019_06_04.csv
2019_06_03,1398-03-13,21,2.2,23.2,https://10.1.33.80/report-khorasan-razavi/daily_report_khorasan_razavi_2019_06_03.csv
2019_05_28,1398-03-07,72.2,7.9,80.1,https://10.1.33.80/report-khorasan-razavi/daily_report_khorasan_razavi_2019_05_28.csv
2019_12_05,1398-09-14,94.3,9.7,104,https://10.1.33.80/report-khorasan-razavi/daily_report_khorasan_razavi_2019_12_05.csv
2019_12_01,1398-09-10,86,9.1,95.1,https://10.1.33.80/report-khorasan-razavi/daily_report_khorasan_razavi_2019_12_01.csv
2019_06_07,1398-03-17,21.4,2.3,23.7,https://10.1.33.80/report-khorasan-razavi/daily_report_khorasan_razavi_2019_06_07.csv
2019_11_28,1398-09-07,98.4,10.5,108.9,https://10.1.33.80/report-khorasan-razavi/daily_report_khorasan_razavi_2019_11_28.csv
2019_06_02,1398-03-12,23.8,2.6,26.4,https://10.1.33.80/report-khorasan-razavi/daily_report_khorasan_razavi_2019_06_02.csv
2019_12_07,1398-09-16,83.4,8.9,92.3,https://10.1.33.80/report-khorasan-razavi/daily_report_khorasan_razavi_2019_12_07.csv
2019_11_30,1398-09-09,82.9,9.1,92,https://10.1.33.80/report-khorasan-razavi/daily_report_khorasan_razavi_2019_11_30.csv
2019_12_10,1398-09-19,79.1,8.1,87.2,https://10.1.33.80/report-khorasan-razavi/daily_report_khorasan_razavi_2019_12_10.csv
2019_06_09,1398-03-19,21.9,2.5,24.4,https://10.1.33.80/report-khorasan-razavi/daily_report_khorasan_razavi_2019_06_09.csv
2019_12_16,1398-09-25,100.3,10.5,110.8,https://10.1.33.80/report-khorasan-razavi/daily_report_khorasan_razavi_2019_12_16.csv
2019_12_23,1398-10-02,108.3,11.3,119.6,https://10.1.33.80/report-khorasan-razavi/daily_report_khorasan_razavi_2019_12_23.csv
2019_06_08,1398-03-18,23.8,2.7,26.5,https://10.1.33.80/report-khorasan-razavi/daily_report_khorasan_razavi_2019_06_08.csv
2019_06_01,1398-03-11,25.6,2.9,28.5,https://10.1.33.80/report-khorasan-razavi/daily_report_khorasan_razavi_2019_06_01.csv
2019_06_06,1398-03-16,21.1,2.3,23.4,https://10.1.33.80/report-khorasan-razavi/daily_report_khorasan_razavi_2019_06_06.csv
2019_06_15,1398-03-25,23.1,2.6,25.7,https://10.1.33.80/report-khorasan-razavi/daily_report_khorasan_razavi_2019_06_15.csv
2019_06_14,1398-03-24,21.1,2.2,23.3,https://10.1.33.80/report-khorasan-razavi/daily_report_khorasan_razavi_2019_06_14.csv
2019_06_10,1398-03-20,21.9,2.6,24.5,https://10.1.33.80/report-khorasan-razavi/daily_report_khorasan_razavi_2019_06_10.csv
2019_11_27,1398-09-06,102.6,10.9,113.5,https://10.1.33.80/report-khorasan-razavi/daily_report_khorasan_razavi_2019_11_27.csv
2019_12_25,1398-10-04,95.6,9.6,105.2,https://10.1.33.80/report-khorasan-razavi/daily_report_khorasan_razavi_2019_12_25.csv
2019_11_11,1398-08-20,65.5,7.6,73.1,https://10.1.33.80/report-khorasan-razavi/daily_report_khorasan_razavi_2019_11_11.csv
2019_12_14,1398-09-23,75.3,7.8,83.1,https://10.1.33.80/report-khorasan-razavi/daily_report_khorasan_razavi_2019_12_14.csv
2019_12_15,1398-09-24,80.9,8.5,89.4,https://10.1.33.80/report-khorasan-razavi/daily_report_khorasan_razavi_2019_12_15.csv
2019_12_17,1398-09-26,94.8,9.9,104.7,https://10.1.33.80/report-khorasan-razavi/daily_report_khorasan_razavi_2019_12_17.csv
2019_12_02,1398-09-11,90.5,10,100.5,https://10.1.33.80/report-khorasan-razavi/daily_report_khorasan_razavi_2019_12_02.csv
2019_11_29,1398-09-08,88.1,9.1,97.2,https://10.1.33.80/report-khorasan-razavi/daily_report_khorasan_razavi_2019_11_29.csv
2019_12_11,1398-09-20,81.4,8.2,89.6,https://10.1.33.80/report-khorasan-razavi/daily_report_khorasan_razavi_2019_12_11.csv
2019_11_14,1398-08-23,69.3,7.5,76.8,https://10.1.33.80/report-khorasan-razavi/daily_report_khorasan_razavi_2019_11_14.csv
2020_01_01,1398-10-11,93.1,9.4,102.5,https://10.1.33.80/report-khorasan-razavi/daily_report_khorasan_razavi_2020_01_01.csv
2019_06_11,1398-03-21,22,2.6,24.6,https://10.1.33.80/report-khorasan-razavi/daily_report_khorasan_razavi_2019_06_11.csv
2019_11_08,1398-08-17,71.9,7.5,79.4,https://10.1.33.80/report-khorasan-razavi/daily_report_khorasan_razavi_2019_11_08.csv
2019_11_13,1398-08-22,66.2,7.6,73.8,https://10.1.33.80/report-khorasan-razavi/daily_report_khorasan_razavi_2019_11_13.csv
2019_12_13,1398-09-22,70.8,6.9,77.7,https://10.1.33.80/report-khorasan-razavi/daily_report_khorasan_razavi_2019_12_13.csv
2019_12_03,1398-09-12,88,9.3,97.3,https://10.1.33.80/report-khorasan-razavi/daily_report_khorasan_razavi_2019_12_03.csv
2019_10_19,1398-07-27,101.3,11.1,112.4,https://10.1.33.80/report-khorasan-razavi/daily_report_khorasan_razavi_2019_10_19.csv
2019_12_20,1398-09-29,109.9,11,120.9,https://10.1.33.80/report-khorasan-razavi/daily_report_khorasan_razavi_2019_12_20.csv
2019_12_26,1398-10-05,97.8,9.6,107.4,https://10.1.33.80/report-khorasan-razavi/daily_report_khorasan_razavi_2019_12_26.csv
2019_12_21,1398-09-30,82.9,8.8,91.7,https://10.1.33.80/report-khorasan-razavi/daily_report_khorasan_razavi_2019_12_21.csv
2019_11_17,1398-08-26,12.7,0.9,13.6,https://10.1.33.80/report-khorasan-razavi/daily_report_khorasan_razavi_2019_11_17.csv
2019_12_18,1398-09-27,95.5,9.8,105.3,https://10.1.33.80/report-khorasan-razavi/daily_report_khorasan_razavi_2019_12_18.csv
2019_10_22,1398-07-30,76.2,8.8,85,https://10.1.33.80/report-khorasan-razavi/daily_report_khorasan_razavi_2019_10_22.csv
2019_12_22,1398-10-01,89.4,9.7,99.1,https://10.1.33.80/report-khorasan-razavi/daily_report_khorasan_razavi_2019_12_22.csv
2019_12_09,1398-09-18,69.5,7.3,76.8,https://10.1.33.80/report-khorasan-razavi/daily_report_khorasan_razavi_2019_12_09.csv
2019_11_23,1398-09-02,94,11.1,105.1,https://10.1.33.80/report-khorasan-razavi/daily_report_khorasan_razavi_2019_11_23.csv
2019_11_02,1398-08-11,63.1,7,70.1,https://10.1.33.80/report-khorasan-razavi/daily_report_khorasan_razavi_2019_11_02.csv
2019_11_25,1398-09-04,122.9,13.6,136.5,https://10.1.33.80/report-khorasan-razavi/daily_report_khorasan_razavi_2019_11_25.csv
2019_12_06,1398-09-15,92.2,9.3,101.5,https://10.1.33.80/report-khorasan-razavi/daily_report_khorasan_razavi_2019_12_06.csv
2019_12_12,1398-09-21,73.9,7.2,81.1,https://10.1.33.80/report-khorasan-razavi/daily_report_khorasan_razavi_2019_12_12.csv
2019_11_20,1398-08-29,26.2,2.4,28.6,https://10.1.33.80/report-khorasan-razavi/daily_report_khorasan_razavi_2019_11_20.csv
2019_10_28,1398-08-06,71.4,7.5,78.9,https://10.1.33.80/report-khorasan-razavi/daily_report_khorasan_razavi_2019_10_28.csv
2019_11_01,1398-08-10,67.2,7.1,74.3,https://10.1.33.80/report-khorasan-razavi/daily_report_khorasan_razavi_2019_11_01.csv
2019_11_04,1398-08-13,64.9,7.5,72.4,https://10.1.33.80/report-khorasan-razavi/daily_report_khorasan_razavi_2019_11_04.csv
2019_12_27,1398-10-06,93.3,9.4,102.7,https://10.1.33.80/report-khorasan-razavi/daily_report_khorasan_razavi_2019_12_27.csv
2019_10_25,1398-08-03,73.4,7.7,81.1,https://10.1.33.80/report-khorasan-razavi/daily_report_khorasan_razavi_2019_10_25.csv
2019_11_18,1398-08-27,12.9,1,13.9,https://10.1.33.80/report-khorasan-razavi/daily_report_khorasan_razavi_2019_11_18.csv
2019_12_24,1398-10-03,105.2,10.9,116.1,https://10.1.33.80/report-khorasan-razavi/daily_report_khorasan_razavi_2019_12_24.csv
2019_12_08,1398-09-17,81.9,8.7,90.6,https://10.1.33.80/report-khorasan-razavi/daily_report_khorasan_razavi_2019_12_08.csv
2019_11_07,1398-08-16,73.2,7.7,80.9,https://10.1.33.80/report-khorasan-razavi/daily_report_khorasan_razavi_2019_11_07.csv
2019_10_27,1398-08-05,70.3,7.2,77.5,https://10.1.33.80/report-khorasan-razavi/daily_report_khorasan_razavi_2019_10_27.csv
2019_06_12,1398-03-22,22.5,2.6,25.1,https://10.1.33.80/report-khorasan-razavi/daily_report_khorasan_razavi_2019_06_12.csv
2020_01_10,1398-10-20,95.5,9.5,105,https://10.1.33.80/report-khorasan-razavi/daily_report_khorasan_razavi_2020_01_10.csv
2020_01_09,1398-10-19,94.8,9.6,104.4,https://10.1.33.80/report-khorasan-razavi/daily_report_khorasan_razavi_2020_01_09.csv
2019_12_29,1398-10-08,89,9.2,98.2,https://10.1.33.80/report-khorasan-razavi/daily_report_khorasan_razavi_2019_12_29.csv
2020_01_07,1398-10-17,99.3,10.6,109.9,https://10.1.33.80/report-khorasan-razavi/daily_report_khorasan_razavi_2020_01_07.csv
2020_01_04,1398-10-14,99.4,10.4,109.8,https://10.1.33.80/report-khorasan-razavi/daily_report_khorasan_razavi_2020_01_04.csv
2020_01_03,1398-10-13,110.5,11.7,122.2,https://10.1.33.80/report-khorasan-razavi/daily_report_khorasan_razavi_2020_01_03.csv
2019_12_19,1398-09-28,118.8,11.8,130.6,https://10.1.33.80/report-khorasan-razavi/daily_report_khorasan_razavi_2019_12_19.csv
2019_12_30,1398-10-09,87.9,9.2,97.1,https://10.1.33.80/report-khorasan-razavi/daily_report_khorasan_razavi_2019_12_30.csv
2019_06_13,1398-03-23,21.6,2.4,24,https://10.1.33.80/report-khorasan-razavi/daily_report_khorasan_razavi_2019_06_13.csv
2019_06_19,1398-03-29,23.1,2.5,25.6,https://10.1.33.80/report-khorasan-razavi/daily_report_khorasan_razavi_2019_06_19.csv
2019_06_21,1398-03-31,21.9,2.4,24.3,https://10.1.33.80/report-khorasan-razavi/daily_report_khorasan_razavi_2019_06_21.csv
2019_10_20,1398-07-28,83.3,9.7,93,https://10.1.33.80/report-khorasan-razavi/daily_report_khorasan_razavi_2019_10_20.csv
2019_06_20,1398-03-30,22.5,2.5,25,https://10.1.33.80/report-khorasan-razavi/daily_report_khorasan_razavi_2019_06_20.csv
2019_06_16,1398-03-26,20.1,2.2,22.3,https://10.1.33.80/report-khorasan-razavi/daily_report_khorasan_razavi_2019_06_16.csv
2019_06_27,1398-04-06,90,10,100,https://10.1.33.80/report-khorasan-razavi/daily_report_khorasan_razavi_2019_06_27.csv
2019_06_26,1398-04-05,101.7,11.6,113.3,https://10.1.33.80/report-khorasan-razavi/daily_report_khorasan_razavi_2019_06_26.csv
2019_06_30,1398-04-09,87.7,9.8,97.5,https://10.1.33.80/report-khorasan-razavi/daily_report_khorasan_razavi_2019_06_30.csv
2019_06_18,1398-03-28,22.7,2.5,25.2,https://10.1.33.80/report-khorasan-razavi/daily_report_khorasan_razavi_2019_06_18.csv
2019_06_17,1398-03-27,21.7,2.4,24.1,https://10.1.33.80/report-khorasan-razavi/daily_report_khorasan_razavi_2019_06_17.csv
2019_06_23,1398-04-02,118.2,14,132.2,https://10.1.33.80/report-khorasan-razavi/daily_report_khorasan_razavi_2019_06_23.csv
2019_06_22,1398-04-01,23.2,2.7,25.9,https://10.1.33.80/report-khorasan-razavi/daily_report_khorasan_razavi_2019_06_22.csv
2019_07_04,1398-04-13,84.3,9,93.3,https://10.1.33.80/report-khorasan-razavi/daily_report_khorasan_razavi_2019_07_04.csv
2019_06_25,1398-04-04,105.4,12,117.4,https://10.1.33.80/report-khorasan-razavi/daily_report_khorasan_razavi_2019_06_25.csv
2019_06_24,1398-04-03,104.4,12.1,116.5,https://10.1.33.80/report-khorasan-razavi/daily_report_khorasan_razavi_2019_06_24.csv
2019_07_01,1398-04-10,86.9,9.8,96.7,https://10.1.33.80/report-khorasan-razavi/daily_report_khorasan_razavi_2019_07_01.csv
2019_06_28,1398-04-07,86.5,9.3,95.8,https://10.1.33.80/report-khorasan-razavi/daily_report_khorasan_razavi_2019_06_28.csv
2019_06_29,1398-04-08,86,9.1,95.1,https://10.1.33.80/report-khorasan-razavi/daily_report_khorasan_razavi_2019_06_29.csv
2019_07_02,1398-04-11,85.3,9.3,94.6,https://10.1.33.80/report-khorasan-razavi/daily_report_khorasan_razavi_2019_07_02.csv
2019_07_05,1398-04-14,80.8,8.4,89.2,https://10.1.33.80/report-khorasan-razavi/daily_report_khorasan_razavi_2019_07_05.csv
2019_07_09,1398-04-18,19.7,2.2,21.9,https://10.1.33.80/report-khorasan-razavi/daily_report_khorasan_razavi_2019_07_09.csv
2019_07_03,1398-04-12,85.5,9.4,94.9,https://10.1.33.80/report-khorasan-razavi/daily_report_khorasan_razavi_2019_07_03.csv
2019_07_07,1398-04-16,103.7,11.5,115.2,https://10.1.33.80/report-khorasan-razavi/daily_report_khorasan_razavi_2019_07_07.csv
2019_07_11,1398-04-20,17.5,1.9,19.4,https://10.1.33.80/report-khorasan-razavi/daily_report_khorasan_razavi_2019_07_11.csv
2019_07_08,1398-04-17,101.9,11.4,113.3,https://10.1.33.80/report-khorasan-razavi/daily_report_khorasan_razavi_2019_07_08.csv
2019_07_12,1398-04-21,84.6,8.8,93.4,https://10.1.33.80/report-khorasan-razavi/daily_report_khorasan_razavi_2019_07_12.csv
2019_07_19,1398-04-28,16.5,1.7,18.2,https://10.1.33.80/report-khorasan-razavi/daily_report_khorasan_razavi_2019_07_19.csv
2019_07_06,1398-04-15,98.5,10.7,109.2,https://10.1.33.80/report-khorasan-razavi/daily_report_khorasan_razavi_2019_07_06.csv
2019_07_14,1398-04-23,92,10.3,102.3,https://10.1.33.80/report-khorasan-razavi/daily_report_khorasan_razavi_2019_07_14.csv
2019_07_17,1398-04-26,92.2,10,102.2,https://10.1.33.80/report-khorasan-razavi/daily_report_khorasan_razavi_2019_07_17.csv
2019_07_22,1398-04-31,21.3,2.4,23.7,https://10.1.33.80/report-khorasan-razavi/daily_report_khorasan_razavi_2019_07_22.csv
2019_07_20,1398-04-29,18.4,2,20.4,https://10.1.33.80/report-khorasan-razavi/daily_report_khorasan_razavi_2019_07_20.csv
2019_07_29,1398-05-07,22.6,2.6,25.2,https://10.1.33.80/report-khorasan-razavi/daily_report_khorasan_razavi_2019_07_29.csv
2019_07_25,1398-05-03,21.2,2.3,23.5,https://10.1.33.80/report-khorasan-razavi/daily_report_khorasan_razavi_2019_07_25.csv
2019_07_26,1398-05-04,19,2,21,https://10.1.33.80/report-khorasan-razavi/daily_report_khorasan_razavi_2019_07_26.csv
2019_07_30,1398-05-08,22.7,2.5,25.2,https://10.1.33.80/report-khorasan-razavi/daily_report_khorasan_razavi_2019_07_30.csv
2019_07_16,1398-04-25,18.3,2,20.3,https://10.1.33.80/report-khorasan-razavi/daily_report_khorasan_razavi_2019_07_16.csv
2019_07_27,1398-05-05,20.1,2.2,22.3,https://10.1.33.80/report-khorasan-razavi/daily_report_khorasan_razavi_2019_07_27.csv
2019_08_02,1398-05-11,20.6,2.2,22.8,https://10.1.33.80/report-khorasan-razavi/daily_report_khorasan_razavi_2019_08_02.csv
2019_07_21,1398-04-30,104.7,11.7,116.4,https://10.1.33.80/report-khorasan-razavi/daily_report_khorasan_razavi_2019_07_21.csv
2019_07_18,1398-04-27,84.7,9.2,93.9,https://10.1.33.80/report-khorasan-razavi/daily_report_khorasan_razavi_2019_07_18.csv
2019_08_03,1398-05-12,21.3,2.4,23.7,https://10.1.33.80/report-khorasan-razavi/daily_report_khorasan_razavi_2019_08_03.csv
2019_07_28,1398-05-06,18,2,20,https://10.1.33.80/report-khorasan-razavi/daily_report_khorasan_razavi_2019_07_28.csv
2019_07_13,1398-04-22,90.3,10,100.3,https://10.1.33.80/report-khorasan-razavi/daily_report_khorasan_razavi_2019_07_13.csv
2019_07_23,1398-05-01,22.2,2.6,24.8,https://10.1.33.80/report-khorasan-razavi/daily_report_khorasan_razavi_2019_07_23.csv
2019_07_24,1398-05-02,24.5,2.8,27.3,https://10.1.33.80/report-khorasan-razavi/daily_report_khorasan_razavi_2019_07_24.csv
2019_08_01,1398-05-10,21.6,2.4,24,https://10.1.33.80/report-khorasan-razavi/daily_report_khorasan_razavi_2019_08_01.csv
2019_08_05,1398-05-14,20.2,2.2,22.4,https://10.1.33.80/report-khorasan-razavi/daily_report_khorasan_razavi_2019_08_05.csv
2019_08_06,1398-05-15,20.4,2.3,22.7,https://10.1.33.80/report-khorasan-razavi/daily_report_khorasan_razavi_2019_08_06.csv
2019_07_31,1398-05-09,22.5,2.5,25,https://10.1.33.80/report-khorasan-razavi/daily_report_khorasan_razavi_2019_07_31.csv
2019_07_10,1398-04-19,19.5,2.1,21.6,https://10.1.33.80/report-khorasan-razavi/daily_report_khorasan_razavi_2019_07_10.csv
2019_08_12,1398-05-21,21.2,2.2,23.4,https://10.1.33.80/report-khorasan-razavi/daily_report_khorasan_razavi_2019_08_12.csv
2019_07_15,1398-04-24,89.3,9.8,99.1,https://10.1.33.80/report-khorasan-razavi/daily_report_khorasan_razavi_2019_07_15.csv
2019_08_23,1398-06-01,22.9,2.4,25.3,https://10.1.33.80/report-khorasan-razavi/daily_report_khorasan_razavi_2019_08_23.csv
2019_08_04,1398-05-13,18.6,2.1,20.7,https://10.1.33.80/report-khorasan-razavi/daily_report_khorasan_razavi_2019_08_04.csv
2019_08_08,1398-05-17,24.1,2.6,26.7,https://10.1.33.80/report-khorasan-razavi/daily_report_khorasan_razavi_2019_08_08.csv
2019_08_18,1398-05-27,23.3,2.6,25.9,https://10.1.33.80/report-khorasan-razavi/daily_report_khorasan_razavi_2019_08_18.csv
2019_08_20,1398-05-29,22.1,2.4,24.5,https://10.1.33.80/report-khorasan-razavi/daily_report_khorasan_razavi_2019_08_20.csv
2019_08_09,1398-05-18,24.4,2.6,27,https://10.1.33.80/report-khorasan-razavi/daily_report_khorasan_razavi_2019_08_09.csv
2019_08_21,1398-05-30,24.2,2.7,26.9,https://10.1.33.80/report-khorasan-razavi/daily_report_khorasan_razavi_2019_08_21.csv
2019_08_26,1398-06-04,24.3,2.7,27,https://10.1.33.80/report-khorasan-razavi/daily_report_khorasan_razavi_2019_08_26.csv
2019_09_11,1398-06-20,25.5,2.7,28.2,https://10.1.33.80/report-khorasan-razavi/daily_report_khorasan_razavi_2019_09_11.csv
2019_08_13,1398-05-22,21.6,2.3,23.9,https://10.1.33.80/report-khorasan-razavi/daily_report_khorasan_razavi_2019_08_13.csv
2019_09_08,1398-06-17,21.1,2.2,23.3,https://10.1.33.80/report-khorasan-razavi/daily_report_khorasan_razavi_2019_09_08.csv
2019_09_05,1398-06-14,17.9,1.9,19.8,https://10.1.33.80/report-khorasan-razavi/daily_report_khorasan_razavi_2019_09_05.csv
2019_08_27,1398-06-05,23.2,2.5,25.7,https://10.1.33.80/report-khorasan-razavi/daily_report_khorasan_razavi_2019_08_27.csv
2019_08_15,1398-05-24,22.8,2.5,25.3,https://10.1.33.80/report-khorasan-razavi/daily_report_khorasan_razavi_2019_08_15.csv
2019_11_09,1398-08-18,68.3,7.8,76.1,https://10.1.33.80/report-khorasan-razavi/daily_report_khorasan_razavi_2019_11_09.csv
2020_01_08,1398-10-18,101.2,10.7,111.9,https://10.1.33.80/report-khorasan-razavi/daily_report_khorasan_razavi_2020_01_08.csv
2019_12_04,1398-09-13,84.4,8.7,93.1,https://10.1.33.80/report-khorasan-razavi/daily_report_khorasan_razavi_2019_12_04.csv
2020_01_02,1398-10-12,114.9,11.8,126.7,https://10.1.33.80/report-khorasan-razavi/daily_report_khorasan_razavi_2020_01_02.csv
2019_12_28,1398-10-07,91,9.5,100.5,https://10.1.33.80/report-khorasan-razavi/daily_report_khorasan_razavi_2019_12_28.csv
2020_01_19,1398-10-29,100.9,11.2,112.1,https://10.1.33.80/report-khorasan-razavi/daily_report_khorasan_razavi_2020_01_19.csv
2020_01_06,1398-10-16,114.3,12.2,126.5,https://10.1.33.80/report-khorasan-razavi/daily_report_khorasan_razavi_2020_01_06.csv
2020_01_14,1398-10-24,102.2,11.3,113.5,https://10.1.33.80/report-khorasan-razavi/daily_report_khorasan_razavi_2020_01_14.csv
2020_02_02,1398-11-13,87.2,9.4,96.6,https://10.1.33.80/report-khorasan-razavi/daily_report_khorasan_razavi_2020_02_02.csv
2019_09_12,1398-06-21,25.3,2.6,27.9,https://10.1.33.80/report-khorasan-razavi/daily_report_khorasan_razavi_2019_09_12.csv
2020_01_26,1398-11-06,87,9.4,96.4,https://10.1.33.80/report-khorasan-razavi/daily_report_khorasan_razavi_2020_01_26.csv
2019_09_01,1398-06-10,21.5,2.3,23.8,https://10.1.33.80/report-khorasan-razavi/daily_report_khorasan_razavi_2019_09_01.csv
2019_09_06,1398-06-15,4.9,0.5,5.4,https://10.1.33.80/report-khorasan-razavi/daily_report_khorasan_razavi_2019_09_06.csv
2019_08_30,1398-06-08,20.7,2.1,22.8,https://10.1.33.80/report-khorasan-razavi/daily_report_khorasan_razavi_2019_08_30.csv
2019_09_02,1398-06-11,22.5,2.4,24.9,https://10.1.33.80/report-khorasan-razavi/daily_report_khorasan_razavi_2019_09_02.csv
2019_09_23,1398-07-01,26.3,3.1,29.4,https://10.1.33.80/report-khorasan-razavi/daily_report_khorasan_razavi_2019_09_23.csv
2019_09_26,1398-07-04,30.1,3.3,33.4,https://10.1.33.80/report-khorasan-razavi/daily_report_khorasan_razavi_2019_09_26.csv
2019_09_15,1398-06-24,23.8,2.5,26.3,https://10.1.33.80/report-khorasan-razavi/daily_report_khorasan_razavi_2019_09_15.csv
2019_09_18,1398-06-27,27.1,2.8,29.9,https://10.1.33.80/report-khorasan-razavi/daily_report_khorasan_razavi_2019_09_18.csv
2019_10_02,1398-07-10,25.6,2.9,28.5,https://10.1.33.80/report-khorasan-razavi/daily_report_khorasan_razavi_2019_10_02.csv
2019_09_20,1398-06-29,28.2,2.9,31.1,https://10.1.33.80/report-khorasan-razavi/daily_report_khorasan_razavi_2019_09_20.csv
2019_09_25,1398-07-03,27.7,3.1,30.8,https://10.1.33.80/report-khorasan-razavi/daily_report_khorasan_razavi_2019_09_25.csv
2019_10_06,1398-07-14,9.7,1.1,10.8,https://10.1.33.80/report-khorasan-razavi/daily_report_khorasan_razavi_2019_10_06.csv
2019_09_17,1398-06-26,26.3,2.8,29.1,https://10.1.33.80/report-khorasan-razavi/daily_report_khorasan_razavi_2019_09_17.csv
2019_09_29,1398-07-07,26.3,3.1,29.4,https://10.1.33.80/report-khorasan-razavi/daily_report_khorasan_razavi_2019_09_29.csv
2019_10_05,1398-07-13,13.7,1.6,15.3,https://10.1.33.80/report-khorasan-razavi/daily_report_khorasan_razavi_2019_10_05.csv
2019_10_15,1398-07-23,5.2,0.6,5.8,https://10.1.33.80/report-khorasan-razavi/daily_report_khorasan_razavi_2019_10_15.csv
2019_08_16,1398-05-25,22.1,2.4,24.5,https://10.1.33.80/report-khorasan-razavi/daily_report_khorasan_razavi_2019_08_16.csv
2019_09_30,1398-07-08,26.1,3,29.1,https://10.1.33.80/report-khorasan-razavi/daily_report_khorasan_razavi_2019_09_30.csv
2019_08_24,1398-06-02,25.1,2.8,27.9,https://10.1.33.80/report-khorasan-razavi/daily_report_khorasan_razavi_2019_08_24.csv
2019_08_07,1398-05-16,22.5,2.4,24.9,https://10.1.33.80/report-khorasan-razavi/daily_report_khorasan_razavi_2019_08_07.csv
2019_08_17,1398-05-26,21.2,2.5,23.7,https://10.1.33.80/report-khorasan-razavi/daily_report_khorasan_razavi_2019_08_17.csv
2019_10_04,1398-07-12,28.4,3,31.4,https://10.1.33.80/report-khorasan-razavi/daily_report_khorasan_razavi_2019_10_04.csv
2019_08_22,1398-05-31,22.2,2.4,24.6,https://10.1.33.80/report-khorasan-razavi/daily_report_khorasan_razavi_2019_08_22.csv
2019_10_14,1398-07-22,4.3,0.5,4.8,https://10.1.33.80/report-khorasan-razavi/daily_report_khorasan_razavi_2019_10_14.csv
2019_08_31,1398-06-09,22.5,2.4,24.9,https://10.1.33.80/report-khorasan-razavi/daily_report_khorasan_razavi_2019_08_31.csv
2019_09_19,1398-06-28,27,2.9,29.9,https://10.1.33.80/report-khorasan-razavi/daily_report_khorasan_razavi_2019_09_19.csv
2019_08_28,1398-06-06,21.8,2.4,24.2,https://10.1.33.80/report-khorasan-razavi/daily_report_khorasan_razavi_2019_08_28.csv
2019_09_10,1398-06-19,21.4,2.2,23.6,https://10.1.33.80/report-khorasan-razavi/daily_report_khorasan_razavi_2019_09_10.csv
2019_09_13,1398-06-22,25.7,2.6,28.3,https://10.1.33.80/report-khorasan-razavi/daily_report_khorasan_razavi_2019_09_13.csv
2019_10_03,1398-07-11,28.4,3.1,31.5,https://10.1.33.80/report-khorasan-razavi/daily_report_khorasan_razavi_2019_10_03.csv
2019_08_14,1398-05-23,21.7,2.3,24,https://10.1.33.80/report-khorasan-razavi/daily_report_khorasan_razavi_2019_08_14.csv
2019_08_19,1398-05-28,22.8,2.5,25.3,https://10.1.33.80/report-khorasan-razavi/daily_report_khorasan_razavi_2019_08_19.csv
2020_01_16,1398-10-26,78.4,8,86.4,https://10.1.33.80/report-khorasan-razavi/daily_report_khorasan_razavi_2020_01_16.csv
2019_12_31,1398-10-10,90.1,9.4,99.5,https://10.1.33.80/report-khorasan-razavi/daily_report_khorasan_razavi_2019_12_31.csv
2020_01_05,1398-10-15,110.9,11.6,122.5,https://10.1.33.80/report-khorasan-razavi/daily_report_khorasan_razavi_2020_01_05.csv
2020_01_12,1398-10-22,147.3,17.2,164.5,https://10.1.33.80/report-khorasan-razavi/daily_report_khorasan_razavi_2020_01_12.csv
2020_01_15,1398-10-25,103.3,11,114.3,https://10.1.33.80/report-khorasan-razavi/daily_report_khorasan_razavi_2020_01_15.csv
2020_01_17,1398-10-27,95.7,9.7,105.4,https://10.1.33.80/report-khorasan-razavi/daily_report_khorasan_razavi_2020_01_17.csv
2020_01_11,1398-10-21,75.9,8.3,84.2,https://10.1.33.80/report-khorasan-razavi/daily_report_khorasan_razavi_2020_01_11.csv
2020_01_13,1398-10-23,134.6,15.3,149.9,https://10.1.33.80/report-khorasan-razavi/daily_report_khorasan_razavi_2020_01_13.csv
2020_01_23,1398-11-03,89.5,9.1,98.6,https://10.1.33.80/report-khorasan-razavi/daily_report_khorasan_razavi_2020_01_23.csv
2020_02_03,1398-11-14,84.7,9,93.7,https://10.1.33.80/report-khorasan-razavi/daily_report_khorasan_razavi_2020_02_03.csv
2020_01_31,1398-11-11,87.7,8.8,96.5,https://10.1.33.80/report-khorasan-razavi/daily_report_khorasan_razavi_2020_01_31.csv
2020_02_04,1398-11-15,83.2,9,92.2,https://10.1.33.80/report-khorasan-razavi/daily_report_khorasan_razavi_2020_02_04.csv
2020_01_28,1398-11-08,87.2,9.2,96.4,https://10.1.33.80/report-khorasan-razavi/daily_report_khorasan_razavi_2020_01_28.csv
2020_01_20,1398-10-30,89.3,9.5,98.8,https://10.1.33.80/report-khorasan-razavi/daily_report_khorasan_razavi_2020_01_20.csv
2020_01_21,1398-11-01,85.7,9.1,94.8,https://10.1.33.80/report-khorasan-razavi/daily_report_khorasan_razavi_2020_01_21.csv
2020_01_25,1398-11-05,84.8,9.1,93.9,https://10.1.33.80/report-khorasan-razavi/daily_report_khorasan_razavi_2020_01_25.csv
2020_01_27,1398-11-07,87.3,9.3,96.6,https://10.1.33.80/report-khorasan-razavi/daily_report_khorasan_razavi_2020_01_27.csv
2020_01_29,1398-11-09,91,9,100,https://10.1.33.80/report-khorasan-razavi/daily_report_khorasan_razavi_2020_01_29.csv
2020_01_22,1398-11-02,92.9,9.9,102.8,https://10.1.33.80/report-khorasan-razavi/daily_report_khorasan_razavi_2020_01_22.csv
2020_01_30,1398-11-10,87.3,8.9,96.2,https://10.1.33.80/report-khorasan-razavi/daily_report_khorasan_razavi_2020_01_30.csv
2020_02_01,1398-11-12,84.6,9.1,93.7,https://10.1.33.80/report-khorasan-razavi/daily_report_khorasan_razavi_2020_02_01.csv
2020_01_24,1398-11-04,89,8.9,97.9,https://10.1.33.80/report-khorasan-razavi/daily_report_khorasan_razavi_2020_01_24.csv
2020_04_15,1399-01-27,300.4,35.8,336.2,https://10.1.33.80/report-khorasan-razavi/daily_report_khorasan_razavi_2020_04_15.csv
2020_01_18,1398-10-28,91.8,9.8,101.6,https://10.1.33.80/report-khorasan-razavi/daily_report_khorasan_razavi_2020_01_18.csv
2020_04_23,1399-02-04,263.5,31.3,294.8,https://10.1.33.80/report-khorasan-razavi/daily_report_khorasan_razavi_2020_04_23.csv
2020_04_24,1399-02-05,258.7,29.7,288.4,https://10.1.33.80/report-khorasan-razavi/daily_report_khorasan_razavi_2020_04_24.csv
2020_04_21,1399-02-02,266.9,32.9,299.8,https://10.1.33.80/report-khorasan-razavi/daily_report_khorasan_razavi_2020_04_21.csv
2020_04_16,1399-01-28,286.2,33.8,320,https://10.1.33.80/report-khorasan-razavi/daily_report_khorasan_razavi_2020_04_16.csv
2020_04_18,1399-01-30,281.1,34.6,315.7,https://10.1.33.80/report-khorasan-razavi/daily_report_khorasan_razavi_2020_04_18.csv
2020_04_28,1399-02-09,260.1,31.6,291.7,https://10.1.33.80/report-khorasan-razavi/daily_report_khorasan_razavi_2020_04_28.csv
2020_04_30,1399-02-11,273.1,31.9,305,https://10.1.33.80/report-khorasan-razavi/daily_report_khorasan_razavi_2020_04_30.csv
2020_04_22,1399-02-03,271.9,32.8,304.7,https://10.1.33.80/report-khorasan-razavi/daily_report_khorasan_razavi_2020_04_22.csv
2020_04_29,1399-02-10,272.6,32.1,304.7,https://10.1.33.80/report-khorasan-razavi/daily_report_khorasan_razavi_2020_04_29.csv
2020_04_27,1399-02-08,271.4,33.1,304.5,https://10.1.33.80/report-khorasan-razavi/daily_report_khorasan_razavi_2020_04_27.csv
2020_04_17,1399-01-29,265.6,30.8,296.4,https://10.1.33.80/report-khorasan-razavi/daily_report_khorasan_razavi_2020_04_17.csv
2020_05_02,1399-02-13,275,33.5,308.5,https://10.1.33.80/report-khorasan-razavi/daily_report_khorasan_razavi_2020_05_02.csv
2020_05_01,1399-02-12,274.6,31.7,306.3,https://10.1.33.80/report-khorasan-razavi/daily_report_khorasan_razavi_2020_05_01.csv
2020_04_19,1399-01-31,279.5,34.5,314,https://10.1.33.80/report-khorasan-razavi/daily_report_khorasan_razavi_2020_04_19.csv
2020_04_20,1399-02-01,269.8,33.7,303.5,https://10.1.33.80/report-khorasan-razavi/daily_report_khorasan_razavi_2020_04_20.csv
2020_04_25,1399-02-06,277.7,33.3,311,https://10.1.33.80/report-khorasan-razavi/daily_report_khorasan_razavi_2020_04_25.csv
2020_05_03,1399-02-14,273.6,33.8,307.4,https://10.1.33.80/report-khorasan-razavi/daily_report_khorasan_razavi_2020_05_03.csv
2020_04_26,1399-02-07,270.1,32.9,303,https://10.1.33.80/report-khorasan-razavi/daily_report_khorasan_razavi_2020_04_26.csv
2020_05_05,1399-02-16,271.7,33.6,305.3,https://10.1.33.80/report-khorasan-razavi/daily_report_khorasan_razavi_2020_05_05.csv
2020_05_06,1399-02-17,279.1,33.8,312.9,https://10.1.33.80/report-khorasan-razavi/daily_report_khorasan_razavi_2020_05_06.csv
2020_05_08,1399-02-19,257.3,29.7,287,https://10.1.33.80/report-khorasan-razavi/daily_report_khorasan_razavi_2020_05_08.csv
2020_05_12,1399-02-23,275.2,35.7,310.9,https://10.1.33.80/report-khorasan-razavi/daily_report_khorasan_razavi_2020_05_12.csv
2020_05_15,1399-02-26,257.1,30.7,287.8,https://10.1.33.80/report-khorasan-razavi/daily_report_khorasan_razavi_2020_05_15.csv
2020_05_17,1399-02-28,269,33.3,302.3,https://10.1.33.80/report-khorasan-razavi/daily_report_khorasan_razavi_2020_05_17.csv
2020_05_11,1399-02-22,271.1,35.3,306.4,https://10.1.33.80/report-khorasan-razavi/daily_report_khorasan_razavi_2020_05_11.csv
2020_05_22,1399-03-02,255.6,30.4,286,https://10.1.33.80/report-khorasan-razavi/daily_report_khorasan_razavi_2020_05_22.csv
2020_05_07,1399-02-18,269.4,32,301.4,https://10.1.33.80/report-khorasan-razavi/daily_report_khorasan_razavi_2020_05_07.csv
2020_05_21,1399-03-01,262.6,32.2,294.8,https://10.1.33.80/report-khorasan-razavi/daily_report_khorasan_razavi_2020_05_21.csv
2020_05_28,1399-03-08,241.5,29.6,271.1,https://10.1.33.80/report-khorasan-razavi/daily_report_khorasan_razavi_2020_05_28.csv
2020_05_26,1399-03-06,240.6,31,271.6,https://10.1.33.80/report-khorasan-razavi/daily_report_khorasan_razavi_2020_05_26.csv
2020_05_16,1399-02-27,275.3,33.8,309.1,https://10.1.33.80/report-khorasan-razavi/daily_report_khorasan_razavi_2020_05_16.csv
2020_05_18,1399-02-29,272,33.5,305.5,https://10.1.33.80/report-khorasan-razavi/daily_report_khorasan_razavi_2020_05_18.csv
2020_05_23,1399-03-03,259.1,32.5,291.6,https://10.1.33.80/report-khorasan-razavi/daily_report_khorasan_razavi_2020_05_23.csv
2020_05_27,1399-03-07,247.1,30.9,278,https://10.1.33.80/report-khorasan-razavi/daily_report_khorasan_razavi_2020_05_27.csv
2020_05_14,1399-02-25,270.9,33.5,304.4,https://10.1.33.80/report-khorasan-razavi/daily_report_khorasan_razavi_2020_05_14.csv
2020_05_19,1399-02-30,272.4,33.5,305.9,https://10.1.33.80/report-khorasan-razavi/daily_report_khorasan_razavi_2020_05_19.csv
2020_05_10,1399-02-21,271.2,34.7,305.9,https://10.1.33.80/report-khorasan-razavi/daily_report_khorasan_razavi_2020_05_10.csv
2020_05_24,1399-03-04,215.8,26.5,242.3,https://10.1.33.80/report-khorasan-razavi/daily_report_khorasan_razavi_2020_05_24.csv
2020_05_09,1399-02-20,273.9,34.1,308,https://10.1.33.80/report-khorasan-razavi/daily_report_khorasan_razavi_2020_05_09.csv
2020_05_20,1399-02-31,274.1,33.9,308,https://10.1.33.80/report-khorasan-razavi/daily_report_khorasan_razavi_2020_05_20.csv
2020_05_25,1399-03-05,216.8,26.9,243.7,https://10.1.33.80/report-khorasan-razavi/daily_report_khorasan_razavi_2020_05_25.csv
2020_05_13,1399-02-24,275.5,34.7,310.2,https://10.1.33.80/report-khorasan-razavi/daily_report_khorasan_razavi_2020_05_13.csv
2020_05_04,1399-02-15,266.3,32.8,299.1,https://10.1.33.80/report-khorasan-razavi/daily_report_khorasan_razavi_2020_05_04.csv
2020_05_30,1399-03-10,249.6,30.9,280.5,https://10.1.33.80/report-khorasan-razavi/daily_report_khorasan_razavi_2020_05_30.csv
2020_05_29,1399-03-09,230.6,27.2,257.8,https://10.1.33.80/report-khorasan-razavi/daily_report_khorasan_razavi_2020_05_29.csv
2020_05_31,1399-03-11,246.7,30.5,277.2,https://10.1.33.80/report-khorasan-razavi/daily_report_khorasan_razavi_2020_05_31.csv
2020_06_01,1399-03-12,244.9,30.3,275.2,https://10.1.33.80/report-khorasan-razavi/daily_report_khorasan_razavi_2020_06_01.csv
2020_06_09,1399-03-20,250.2,30.1,280.3,https://10.1.33.80/report-khorasan-razavi/daily_report_khorasan_razavi_2020_06_09.csv
2020_06_04,1399-03-15,227.2,26.3,253.5,https://10.1.33.80/report-khorasan-razavi/daily_report_khorasan_razavi_2020_06_04.csv
2020_06_02,1399-03-13,246.8,29.8,276.6,https://10.1.33.80/report-khorasan-razavi/daily_report_khorasan_razavi_2020_06_02.csv
2020_06_03,1399-03-14,239.8,27.4,267.2,https://10.1.33.80/report-khorasan-razavi/daily_report_khorasan_razavi_2020_06_03.csv
2020_06_07,1399-03-18,243.2,29.9,273.1,https://10.1.33.80/report-khorasan-razavi/daily_report_khorasan_razavi_2020_06_07.csv
2020_06_14,1399-03-25,251.2,31,282.2,https://10.1.33.80/report-khorasan-razavi/daily_report_khorasan_razavi_2020_06_14.csv
2020_06_06,1399-03-17,255.8,30.8,286.6,https://10.1.33.80/report-khorasan-razavi/daily_report_khorasan_razavi_2020_06_06.csv
2020_06_05,1399-03-16,232.5,26.4,258.9,https://10.1.33.80/report-khorasan-razavi/daily_report_khorasan_razavi_2020_06_05.csv
2020_06_11,1399-03-22,250.5,28.7,279.2,https://10.1.33.80/report-khorasan-razavi/daily_report_khorasan_razavi_2020_06_11.csv
2020_06_10,1399-03-21,250.2,29,279.2,https://10.1.33.80/report-khorasan-razavi/daily_report_khorasan_razavi_2020_06_10.csv
2020_06_08,1399-03-19,248.1,30.3,278.4,https://10.1.33.80/report-khorasan-razavi/daily_report_khorasan_razavi_2020_06_08.csv
2020_06_13,1399-03-24,256.9,31.6,288.5,https://10.1.33.80/report-khorasan-razavi/daily_report_khorasan_razavi_2020_06_13.csv
2020_06_19,1399-03-30,240.2,27.7,267.9,https://10.1.33.80/report-khorasan-razavi/daily_report_khorasan_razavi_2020_06_19.csv
2020_06_21,1399-04-01,249.1,30.4,279.5,https://10.1.33.80/report-khorasan-razavi/daily_report_khorasan_razavi_2020_06_21.csv
2020_06_12,1399-03-23,239.3,26.6,265.9,https://10.1.33.80/report-khorasan-razavi/daily_report_khorasan_razavi_2020_06_12.csv
2020_06_18,1399-03-29,253.6,29.6,283.2,https://10.1.33.80/report-khorasan-razavi/daily_report_khorasan_razavi_2020_06_18.csv
2020_06_22,1399-04-02,252.1,31.1,283.2,https://10.1.33.80/report-khorasan-razavi/daily_report_khorasan_razavi_2020_06_22.csv
2020_06_16,1399-03-27,250.8,30.4,281.2,https://10.1.33.80/report-khorasan-razavi/daily_report_khorasan_razavi_2020_06_16.csv
2020_06_15,1399-03-26,254.3,31,285.3,https://10.1.33.80/report-khorasan-razavi/daily_report_khorasan_razavi_2020_06_15.csv
2020_06_17,1399-03-28,253.4,29.3,282.7,https://10.1.33.80/report-khorasan-razavi/daily_report_khorasan_razavi_2020_06_17.csv
2020_06_24,1399-04-04,255.4,30.6,286,https://10.1.33.80/report-khorasan-razavi/daily_report_khorasan_razavi_2020_06_24.csv
2020_06_30,1399-04-10,256.7,30.9,287.6,https://10.1.33.80/report-khorasan-razavi/daily_report_khorasan_razavi_2020_06_30.csv
2020_06_25,1399-04-05,253.9,29.9,283.8,https://10.1.33.80/report-khorasan-razavi/daily_report_khorasan_razavi_2020_06_25.csv
2020_07_01,1399-04-11,262.4,31,293.4,https://10.1.33.80/report-khorasan-razavi/daily_report_khorasan_razavi_2020_07_01.csv
2020_06_20,1399-03-31,255.4,31.3,286.7,https://10.1.33.80/report-khorasan-razavi/daily_report_khorasan_razavi_2020_06_20.csv
2020_06_27,1399-04-07,255.1,31,286.1,https://10.1.33.80/report-khorasan-razavi/daily_report_khorasan_razavi_2020_06_27.csv
2020_06_23,1399-04-03,257,31.4,288.4,https://10.1.33.80/report-khorasan-razavi/daily_report_khorasan_razavi_2020_06_23.csv
2020_06_26,1399-04-06,246,28,274,https://10.1.33.80/report-khorasan-razavi/daily_report_khorasan_razavi_2020_06_26.csv
2020_06_28,1399-04-08,250.6,30.6,281.2,https://10.1.33.80/report-khorasan-razavi/daily_report_khorasan_razavi_2020_06_28.csv
2020_07_02,1399-04-12,263,31,294,https://10.1.33.80/report-khorasan-razavi/daily_report_khorasan_razavi_2020_07_02.csv
2020_06_29,1399-04-09,250.8,30.6,281.4,https://10.1.33.80/report-khorasan-razavi/daily_report_khorasan_razavi_2020_06_29.csv
2020_07_03,1399-04-13,255.8,29.4,285.2,https://10.1.33.80/report-khorasan-razavi/daily_report_khorasan_razavi_2020_07_03.csv
